service_id,service_name_canonical,domain,axis_type,web_target_group_id,eligibility_basis,canonical_service_key,web_eligibility_status,web_target_url,url_confidence,observation_confidence,final_registered_domain,redirect_hops,mobile_candidates_live,candidate_landings,eligibility_rule,url_evidence,review_reasons,needs_human_review,eligibility_reviewer,eligibility_reviewed_at,_status,_base_sha,_shadow_lane,_created_before_p0_close,_authoritative,_real_target_outcome_used,_real_target_measurement,_requires_post_p0_reconciliation
svc_49a5eca8b58f7270,11번가,APP,SERVICE_BRAND,wtg_49a5eca8b58f7270,[MOBILE UA] https://www.11st.co.kr/ → HTTP 200 · 페이지 제목 '11번가' · 등록도메인(PSL) 11st.co.kr · viewport meta 없음,11st,ELIGIBLE_WEB,https://www.11st.co.kr/,HIGH,HIGH,11st.co.kr,0.0,2,"www.11st.co.kr/,www.11stcorp.com/",E-2,[MOBILE UA] https://www.11st.co.kr/ → HTTP 200 · 페이지 제목 '11번가' · 등록도메인(PSL) 11st.co.kr · viewport meta 없음,CANDIDATE_REGISTERED_DOMAIN_CONFLICT,True,LANE_B shadow executor / 모바일·데스크톱 2 posture 관측 후 규칙 판정,2026-08-26,SHADOW_PREPARATORY,d5f1da5652953542d5c8be377026cc3293f2075a,LANE_B,True,False,False,False,True
svc_a215c45b2cc585ca,에이닷 전화,APP,SERVICE_BRAND,wtg_a215c45b2cc585ca,"[MOBILE UA] https://a.sktelecom.com/ → HTTP 200 · 페이지 제목 '나만의 AI 개인비서, 에이닷' · 등록도메인(PSL) sktelecom.com · viewport meta 있음 · 앱스토어 신호 'onelink.me'",adot_call,ELIGIBLE_WEB,https://a.sktelecom.com/,HIGH,HIGH,sktelecom.com,0.0,3,"a.sktelecom.com/,www.skt-phone.co.kr/",E-2,"[MOBILE UA] https://a.sktelecom.com/ → HTTP 200 · 페이지 제목 '나만의 AI 개인비서, 에이닷' · 등록도메인(PSL) sktelecom.com · viewport meta 있음 · 앱스토어 신호 'onelink.me'",CANDIDATE_REGISTERED_DOMAIN_CONFLICT,True,LANE_B shadow executor / 모바일·데스크톱 2 posture 관측 후 규칙 판정,2026-08-26,SHADOW_PREPARATORY,d5f1da5652953542d5c8be377026cc3293f2075a,LANE_B,True,False,False,False,True
svc_65f15ce8fee25b24,밴드,APP,SERVICE_BRAND,wtg_65f15ce8fee25b24,[MOBILE UA] https://band.us/ → HTTP 200 · 최종 URL https://www.band.us/ · 리다이렉트 1회 · 페이지 제목 '밴드-모임이 쉬워진다' · 등록도메인(PSL) band.us · viewport meta 있음,band,ELIGIBLE_WEB,https://www.band.us/,HIGH,HIGH,band.us,1.0,2,"www.band.us/,www.band.us/ko",E-2,[MOBILE UA] https://band.us/ → HTTP 200 · 최종 URL https://www.band.us/ · 리다이렉트 1회 · 페이지 제목 '밴드-모임이 쉬워진다' · 등록도메인(PSL) band.us · viewport meta 있음,,False,LANE_B shadow executor / 모바일·데스크톱 2 posture 관측 후 규칙 판정,2026-08-26,SHADOW_PREPARATORY,d5f1da5652953542d5c8be377026cc3293f2075a,LANE_B,True,False,False,False,True
svc_e1fadb214cde51c0,캐시워크,APP,SERVICE_BRAND,wtg_e1fadb214cde51c0,"[MOBILE UA] https://cashwalk.com/ → HTTP 200 · 페이지 제목 '캐시워크 - 걸으면 돈버는 앱 1위! 만보기, 앱테크, 현금 이벤트까지' · 등록도메인(PSL) cashwalk.com · viewport meta 있음 · 앱스토어 신호 'apps.apple.com'",cashwalk,ELIGIBLE_WEB,https://cashwalk.com/,HIGH,HIGH,cashwalk.com,0.0,1,cashwalk.com/,E-2,"[MOBILE UA] https://cashwalk.com/ → HTTP 200 · 페이지 제목 '캐시워크 - 걸으면 돈버는 앱 1위! 만보기, 앱테크, 현금 이벤트까지' · 등록도메인(PSL) cashwalk.com · viewport meta 있음 · 앱스토어 신호 'apps.apple.com'",,False,LANE_B shadow executor / 모바일·데스크톱 2 posture 관측 후 규칙 판정,2026-08-26,SHADOW_PREPARATORY,d5f1da5652953542d5c8be377026cc3293f2075a,LANE_B,True,False,False,False,True
svc_9390ef32addf32bf,Chrome,APP,SERVICE_BRAND,wtg_9390ef32addf32bf,[MOBILE UA] https://www.google.com/chrome/ → HTTP 200 · 페이지 제목 'Chrome - 원하는 대로 활용할 수 있는 빠르고 안전한 웹브라우저' · 등록도메인(PSL) google.com · viewport meta 있음,chrome,ELIGIBLE_WEB,https://www.google.com/chrome/,HIGH,HIGH,google.com,0.0,3,www.google.com/chrome,E-2,[MOBILE UA] https://www.google.com/chrome/ → HTTP 200 · 페이지 제목 'Chrome - 원하는 대로 활용할 수 있는 빠르고 안전한 웹브라우저' · 등록도메인(PSL) google.com · viewport meta 있음,,False,LANE_B shadow executor / 모바일·데스크톱 2 posture 관측 후 규칙 판정,2026-08-26,SHADOW_PREPARATORY,d5f1da5652953542d5c8be377026cc3293f2075a,LANE_B,True,False,False,False,True
svc_79cd0e07c1eac5dc,쿠팡,APP,SERVICE_BRAND,wtg_5b8c59f6fd9839f7,확인된 후보가 기업·지원·파트너 사이트뿐이다 (https://news.coupang.com/company/). 소비자 서비스 랜딩을 확정하지 못했다.,coupang_app,UNDETERMINED_URL_EVIDENCE,,LOW,LOW,,,1,,E-5,확인된 후보가 기업·지원·파트너 사이트뿐이다 (https://news.coupang.com/company/). 소비자 서비스 랜딩을 확정하지 못했다.,"LANDING_NOT_SEEN_BOT_BLOCKED,ONLY_ANCILLARY_CORPORATE_SITE_CONFIRMED,STATUS_UNDETERMINED_URL_EVIDENCE",True,LANE_B shadow executor / 모바일·데스크톱 2 posture 관측 후 규칙 판정,2026-08-26,SHADOW_PREPARATORY,d5f1da5652953542d5c8be377026cc3293f2075a,LANE_B,True,False,False,False,True
svc_46e5a43370f75308,당근,APP,SERVICE_BRAND,wtg_46e5a43370f75308,[MOBILE UA] https://www.daangn.com/kr → HTTP 200 · 최종 URL https://www.daangn.com/kr/ · 리다이렉트 1회 · 페이지 제목 '당신 근처의 당근' · 등록도메인(PSL) daangn.com · viewport meta 있음 · 앱스토어 신호 'apps.apple.com',danggeun,ELIGIBLE_WEB,https://www.daangn.com/kr/,HIGH,HIGH,daangn.com,1.0,3,www.daangn.com/kr,E-2,[MOBILE UA] https://www.daangn.com/kr → HTTP 200 · 최종 URL https://www.daangn.com/kr/ · 리다이렉트 1회 · 페이지 제목 '당신 근처의 당근' · 등록도메인(PSL) daangn.com · viewport meta 있음 · 앱스토어 신호 'apps.apple.com',,False,LANE_B shadow executor / 모바일·데스크톱 2 posture 관측 후 규칙 판정,2026-08-26,SHADOW_PREPARATORY,d5f1da5652953542d5c8be377026cc3293f2075a,LANE_B,True,False,False,False,True
svc_91b952863c62993d,다음,APP,SERVICE_BRAND,wtg_91b952863c62993d,[MOBILE UA] https://www.daum.net/ → HTTP 200 · 최종 URL https://m.daum.net/?nil_top=mobile · 리다이렉트 1회 · 페이지 제목 'Daum' · 등록도메인(PSL) daum.net · viewport meta 있음 · 앱스토어 신호 'market://',daum,ELIGIBLE_WEB,https://m.daum.net/?nil_top=mobile,HIGH,HIGH,daum.net,1.0,1,"m.daum.net/,m.daum.net/site.daum",E-2,[MOBILE UA] https://www.daum.net/ → HTTP 200 · 최종 URL https://m.daum.net/?nil_top=mobile · 리다이렉트 1회 · 페이지 제목 'Daum' · 등록도메인(PSL) daum.net · viewport meta 있음 · 앱스토어 신호 'market://',"LANDING_NOT_SEEN_BOT_BLOCKED,MOBILE_DESKTOP_FINAL_URL_DIVERGE",True,LANE_B shadow executor / 모바일·데스크톱 2 posture 관측 후 규칙 판정,2026-08-26,SHADOW_PREPARATORY,d5f1da5652953542d5c8be377026cc3293f2075a,LANE_B,True,False,False,False,True
svc_cdce1ffd6b1b1e24,디바이스 케어,APP,SERVICE_BRAND,wtg_cdce1ffd6b1b1e24,[MOBILE UA] https://www.samsungsvc.co.kr/solution/42404 → HTTP 200 · 페이지 제목 '[삼성 스마트폰] 디바이스 케어 기능 사용방법이 궁금해요.' · 등록도메인(PSL) samsungsvc.co.kr · viewport meta 있음,device_care,ELIGIBLE_WEB,https://www.samsungsvc.co.kr/solution/42404,HIGH,HIGH,samsungsvc.co.kr,0.0,3,"apps.microsoft.com/detail/9nblggh4xdv0,www.samsungsvc.co.kr/solution/42404",E-2,[MOBILE UA] https://www.samsungsvc.co.kr/solution/42404 → HTTP 200 · 페이지 제목 '[삼성 스마트폰] 디바이스 케어 기능 사용방법이 궁금해요.' · 등록도메인(PSL) samsungsvc.co.kr · viewport meta 있음,CANDIDATE_REGISTERED_DOMAIN_CONFLICT,True,LANE_B shadow executor / 모바일·데스크톱 2 posture 관측 후 규칙 판정,2026-08-26,SHADOW_PREPARATORY,d5f1da5652953542d5c8be377026cc3293f2075a,LANE_B,True,False,False,False,True
svc_112f591a0d47a8d8,G마켓,APP,SERVICE_BRAND,wtg_f9fbd771ffcdbd42,[MOBILE UA] https://m.gmarket.co.kr/ → HTTP 403 · 페이지 제목 'G마켓 - 쇼핑을 바꾸는 쇼핑' · 등록도메인(PSL) gmarket.co.kr · viewport meta 있음,gmarket_app,ELIGIBLE_WEB,https://m.gmarket.co.kr/,MEDIUM,MEDIUM,gmarket.co.kr,0.0,1,"m.gmarket.co.kr/,www.gmarket.co.kr/",E-2,[MOBILE UA] https://m.gmarket.co.kr/ → HTTP 403 · 페이지 제목 'G마켓 - 쇼핑을 바꾸는 쇼핑' · 등록도메인(PSL) gmarket.co.kr · viewport meta 있음,"CANDIDATE_REGISTERED_DOMAIN_CONFLICT,LANDING_NOT_SEEN_BOT_BLOCKED",True,LANE_B shadow executor / 모바일·데스크톱 2 posture 관측 후 규칙 판정,2026-08-26,SHADOW_PREPARATORY,d5f1da5652953542d5c8be377026cc3293f2075a,LANE_B,True,False,False,False,True
svc_bbdefa2950f49882,Google,APP,SERVICE_BRAND,wtg_bbdefa2950f49882,[MOBILE UA] https://www.google.com/?hl=ko → HTTP 200 · 페이지 제목 'Google' · 등록도메인(PSL) google.com · viewport meta 없음 · 앱스토어 신호 'apps.apple.com',google,ELIGIBLE_WEB,https://www.google.com/?hl=ko,HIGH,HIGH,google.com,0.0,3,www.google.com/,E-2,[MOBILE UA] https://www.google.com/?hl=ko → HTTP 200 · 페이지 제목 'Google' · 등록도메인(PSL) google.com · viewport meta 없음 · 앱스토어 신호 'apps.apple.com',,False,LANE_B shadow executor / 모바일·데스크톱 2 posture 관측 후 규칙 판정,2026-08-26,SHADOW_PREPARATORY,d5f1da5652953542d5c8be377026cc3293f2075a,LANE_B,True,False,False,False,True
svc_fcf244c9ad878906,Google 포토,APP,SERVICE_BRAND,wtg_fcf244c9ad878906,확인된 후보가 기업·지원·파트너 사이트뿐이다 (https://support.google.com/photos/). 소비자 서비스 랜딩을 확정하지 못했다.,google_photos,UNDETERMINED_URL_EVIDENCE,,LOW,LOW,,,2,,E-5,확인된 후보가 기업·지원·파트너 사이트뿐이다 (https://support.google.com/photos/). 소비자 서비스 랜딩을 확정하지 못했다.,"ONLY_ANCILLARY_CORPORATE_SITE_CONFIRMED,STATUS_UNDETERMINED_URL_EVIDENCE",True,LANE_B shadow executor / 모바일·데스크톱 2 posture 관측 후 규칙 판정,2026-08-26,SHADOW_PREPARATORY,d5f1da5652953542d5c8be377026cc3293f2075a,LANE_B,True,False,False,False,True
svc_8fd5d30f8b1d707b,하나은행,APP,SERVICE_BRAND,wtg_8fd5d30f8b1d707b,[MOBILE UA] https://banking.hanabank.com/ → HTTP 200 · 페이지 제목 '하나은행' · 등록도메인(PSL) hanabank.com · viewport meta 없음 · 앱스토어 신호 'play.google.com/store/apps',hana_bank,ELIGIBLE_WEB,https://banking.hanabank.com/,HIGH,HIGH,hanabank.com,0.0,3,"banking.hanabank.com/,www.hanabank.com/,www.kebhana.com/",E-2,[MOBILE UA] https://banking.hanabank.com/ → HTTP 200 · 페이지 제목 '하나은행' · 등록도메인(PSL) hanabank.com · viewport meta 없음 · 앱스토어 신호 'play.google.com/store/apps',CANDIDATE_REGISTERED_DOMAIN_CONFLICT,True,LANE_B shadow executor / 모바일·데스크톱 2 posture 관측 후 규칙 판정,2026-08-26,SHADOW_PREPARATORY,d5f1da5652953542d5c8be377026cc3293f2075a,LANE_B,True,False,False,False,True
svc_b728911c9782edb8,현대카드,APP,SERVICE_BRAND,wtg_b728911c9782edb8,[MOBILE UA] https://mycompany.hyundaicard.com/ → HTTP 200 · 페이지 제목 '현대카드 MY COMPANY' · 등록도메인(PSL) hyundaicard.com · viewport meta 없음,hyundai_card,ELIGIBLE_WEB,https://mycompany.hyundaicard.com/,HIGH,HIGH,hyundaicard.com,0.0,2,"mycompany.hyundaicard.com/,www.hyundaicard.com/",E-2,[MOBILE UA] https://mycompany.hyundaicard.com/ → HTTP 200 · 페이지 제목 '현대카드 MY COMPANY' · 등록도메인(PSL) hyundaicard.com · viewport meta 없음,,False,LANE_B shadow executor / 모바일·데스크톱 2 posture 관측 후 규칙 판정,2026-08-26,SHADOW_PREPARATORY,d5f1da5652953542d5c8be377026cc3293f2075a,LANE_B,True,False,False,False,True
svc_5ede56738376a8c5,Instagram,APP,SERVICE_BRAND,wtg_5ede56738376a8c5,[MOBILE UA] https://www.instagram.com/ → HTTP 200 · 페이지 제목 'Instagram' · 등록도메인(PSL) instagram.com · viewport meta 있음,instagram,ELIGIBLE_WEB,https://www.instagram.com/,HIGH,HIGH,instagram.com,0.0,2,"www.instagram.com/,www.instagram.com/accounts/login",E-2,[MOBILE UA] https://www.instagram.com/ → HTTP 200 · 페이지 제목 'Instagram' · 등록도메인(PSL) instagram.com · viewport meta 있음,,False,LANE_B shadow executor / 모바일·데스크톱 2 posture 관측 후 규칙 판정,2026-08-26,SHADOW_PREPARATORY,d5f1da5652953542d5c8be377026cc3293f2075a,LANE_B,True,False,False,False,True
svc_f322b894ee95c181,카카오맵,APP,SERVICE_BRAND,wtg_f322b894ee95c181,[MOBILE UA] https://map.kakao.com/ → HTTP 200 · 최종 URL https://m.map.kakao.com/ · 리다이렉트 1회 · 페이지 제목 '카카오맵' · 등록도메인(PSL) kakao.com · viewport meta 있음,kakaomap,ELIGIBLE_WEB,https://m.map.kakao.com/,HIGH,HIGH,kakao.com,1.0,3,"apis.map.kakao.com/,m.map.kakao.com/,www.kakao.com/404.ko.html",E-2,[MOBILE UA] https://map.kakao.com/ → HTTP 200 · 최종 URL https://m.map.kakao.com/ · 리다이렉트 1회 · 페이지 제목 '카카오맵' · 등록도메인(PSL) kakao.com · viewport meta 있음,MOBILE_DESKTOP_FINAL_URL_DIVERGE,True,LANE_B shadow executor / 모바일·데스크톱 2 posture 관측 후 규칙 판정,2026-08-26,SHADOW_PREPARATORY,d5f1da5652953542d5c8be377026cc3293f2075a,LANE_B,True,False,False,False,True
svc_699a5e2f3f410152,카카오톡,APP,SERVICE_BRAND,wtg_699a5e2f3f410152,[MOBILE UA] https://www.kakaocorp.com/page/detail/10810?lang=ENG → HTTP 200 · 페이지 제목 '카카오톡 | 카카오' · 등록도메인(PSL) kakaocorp.com · viewport meta 있음,kakaotalk,ELIGIBLE_WEB,https://www.kakaocorp.com/page/detail/10810?lang=ENG,HIGH,HIGH,kakaocorp.com,0.0,3,"cs.kakao.com/,www.kakaocorp.com/page/detail/10810,www.kakaocorp.com/page/service/service/KakaoTalk",E-2,[MOBILE UA] https://www.kakaocorp.com/page/detail/10810?lang=ENG → HTTP 200 · 페이지 제목 '카카오톡 | 카카오' · 등록도메인(PSL) kakaocorp.com · viewport meta 있음,CANDIDATE_REGISTERED_DOMAIN_CONFLICT,True,LANE_B shadow executor / 모바일·데스크톱 2 posture 관측 후 규칙 판정,2026-08-26,SHADOW_PREPARATORY,d5f1da5652953542d5c8be377026cc3293f2075a,LANE_B,True,False,False,False,True
svc_b8b226f9fe32539a,KB Pay,APP,SERVICE_BRAND,wtg_b8b226f9fe32539a,[MOBILE UA] https://mbiz.kbcard.com/CXEHMSVCD0012.cms → HTTP 200 · 페이지 제목 'KB Pay 안내 | KB 국민카드(EW21)' · 등록도메인(PSL) kbcard.com · viewport meta 있음 · 앱스토어 신호 'apps.apple.com',kb_pay,ELIGIBLE_WEB,https://mbiz.kbcard.com/CXEHMSVCD0012.cms,HIGH,HIGH,kbcard.com,0.0,4,"card.kbcard.com/CMN/DVIEW/HOAMCXPRIZZC0002,card.kbcard.com/SVC/DVIEW/HSCMCXPRISVC0127,m.kbcard.com/BON/DVIEW/MBEM0007,mbiz.kbcard.com/CXEHMSVCD0012.cms",E-2,[MOBILE UA] https://mbiz.kbcard.com/CXEHMSVCD0012.cms → HTTP 200 · 페이지 제목 'KB Pay 안내 | KB 국민카드(EW21)' · 등록도메인(PSL) kbcard.com · viewport meta 있음 · 앱스토어 신호 'apps.apple.com',,False,LANE_B shadow executor / 모바일·데스크톱 2 posture 관측 후 규칙 판정,2026-08-26,SHADOW_PREPARATORY,d5f1da5652953542d5c8be377026cc3293f2075a,LANE_B,True,False,False,False,True
svc_e296af221a5f7128,KB스타뱅킹,APP,SERVICE_BRAND,wtg_e296af221a5f7128,[MOBILE UA] https://omoney.kbstar.com/quics?page=C021616 → HTTP 200 · 페이지 제목 '이용안내 ( 스마트금융서비스 | KB스타뱅킹 | 이용안내 )' · 등록도메인(PSL) kbstar.com · viewport meta 없음,kb_starbanking,ELIGIBLE_WEB,https://omoney.kbstar.com/quics?page=C021616,HIGH,HIGH,kbstar.com,0.0,3,"omoney.kbstar.com/quics,www.kbstar.com/",E-2,[MOBILE UA] https://omoney.kbstar.com/quics?page=C021616 → HTTP 200 · 페이지 제목 '이용안내 ( 스마트금융서비스 | KB스타뱅킹 | 이용안내 )' · 등록도메인(PSL) kbstar.com · viewport meta 없음,,False,LANE_B shadow executor / 모바일·데스크톱 2 posture 관측 후 규칙 판정,2026-08-26,SHADOW_PREPARATORY,d5f1da5652953542d5c8be377026cc3293f2075a,LANE_B,True,False,False,False,True
svc_d5ae5426eac23877,모니모,APP,SERVICE_BRAND,wtg_d5ae5426eac23877,[MOBILE UA] https://www.monimo.com/ → HTTP 200 · 페이지 제목 '모니모 - monimo' · 등록도메인(PSL) monimo.com · viewport meta 있음,monimo,ELIGIBLE_WEB,https://www.monimo.com/,HIGH,HIGH,monimo.com,0.0,3,"m.monimo.com/monimo/homepage/bigevent/PGIFPMCHomepageBigeventBridge001,www.monimo.com/,www.monimo.com/w/main/WPFMHP0103M0",E-2,[MOBILE UA] https://www.monimo.com/ → HTTP 200 · 페이지 제목 '모니모 - monimo' · 등록도메인(PSL) monimo.com · viewport meta 있음,,False,LANE_B shadow executor / 모바일·데스크톱 2 posture 관측 후 규칙 판정,2026-08-26,SHADOW_PREPARATORY,d5f1da5652953542d5c8be377026cc3293f2075a,LANE_B,True,False,False,False,True
svc_ed7b9bea21def8f8,내 파일,APP,SERVICE_BRAND,wtg_ed7b9bea21def8f8,"[MOBILE UA] https://www.samsungsvc.co.kr/solution/164886 → HTTP 200 · 페이지 제목 '[삼성 스마트폰] 갤럭시, 내 파일 앱 사용 방법 안내(파일 및 폴더 찾기, 복사, 이동, 삭제)' · 등록도메인(PSL) samsungsvc.co.kr · viewport meta 있음",my_files,ELIGIBLE_WEB,https://www.samsungsvc.co.kr/solution/164886,HIGH,HIGH,samsungsvc.co.kr,0.0,2,www.samsungsvc.co.kr/solution/164886,E-2,"[MOBILE UA] https://www.samsungsvc.co.kr/solution/164886 → HTTP 200 · 페이지 제목 '[삼성 스마트폰] 갤럭시, 내 파일 앱 사용 방법 안내(파일 및 폴더 찾기, 복사, 이동, 삭제)' · 등록도메인(PSL) samsungsvc.co.kr · viewport meta 있음",,False,LANE_B shadow executor / 모바일·데스크톱 2 posture 관측 후 규칙 판정,2026-08-26,SHADOW_PREPARATORY,d5f1da5652953542d5c8be377026cc3293f2075a,LANE_B,True,False,False,False,True
svc_8349e143ed01f677,네이버,APP,SERVICE_BRAND,wtg_6d5510a695d0a614,[MOBILE UA] https://www.naver.com/ → HTTP 200 · 최종 URL https://m.naver.com · 리다이렉트 1회 · 페이지 제목 'NAVER' · 등록도메인(PSL) naver.com · viewport meta 있음,naver_app,ELIGIBLE_WEB,https://m.naver.com,HIGH,HIGH,naver.com,1.0,2,"m.naver.com/,www.navercorp.com/service/portal",E-2,[MOBILE UA] https://www.naver.com/ → HTTP 200 · 최종 URL https://m.naver.com · 리다이렉트 1회 · 페이지 제목 'NAVER' · 등록도메인(PSL) naver.com · viewport meta 있음,"CANDIDATE_REGISTERED_DOMAIN_CONFLICT,MOBILE_DESKTOP_FINAL_URL_DIVERGE",True,LANE_B shadow executor / 모바일·데스크톱 2 posture 관측 후 규칙 판정,2026-08-26,SHADOW_PREPARATORY,d5f1da5652953542d5c8be377026cc3293f2075a,LANE_B,True,False,False,False,True
svc_efda6e0b8457d63c,네이버지도,APP,SERVICE_BRAND,wtg_efda6e0b8457d63c,[MOBILE UA] https://www.navercorp.com/service/map → HTTP 200 · 페이지 제목 '지도 l NAVER Corp.' · 등록도메인(PSL) navercorp.com · viewport meta 있음 · 앱스토어 신호 'play.google.com/store/apps',naver_map,ELIGIBLE_WEB,https://www.navercorp.com/service/map,HIGH,HIGH,navercorp.com,0.0,2,"m.map.naver.com/,www.navercorp.com/service/map",E-2,[MOBILE UA] https://www.navercorp.com/service/map → HTTP 200 · 페이지 제목 '지도 l NAVER Corp.' · 등록도메인(PSL) navercorp.com · viewport meta 있음 · 앱스토어 신호 'play.google.com/store/apps',CANDIDATE_REGISTERED_DOMAIN_CONFLICT,True,LANE_B shadow executor / 모바일·데스크톱 2 posture 관측 후 규칙 판정,2026-08-26,SHADOW_PREPARATORY,d5f1da5652953542d5c8be377026cc3293f2075a,LANE_B,True,False,False,False,True
svc_13ed070478ef62c3,Netflix,APP,SERVICE_BRAND,wtg_13ed070478ef62c3,[MOBILE UA] https://www.netflix.com/login → HTTP 200 · 최종 URL https://www.netflix.com/kr/login · 리다이렉트 1회 · 페이지 제목 'Netflix' · 등록도메인(PSL) netflix.com · viewport meta 있음,netflix,ELIGIBLE_WEB,https://www.netflix.com/kr/login,HIGH,HIGH,netflix.com,1.0,3,"media.netflix.com/ko,www.netflix.com/kr,www.netflix.com/kr/login",E-2,[MOBILE UA] https://www.netflix.com/login → HTTP 200 · 최종 URL https://www.netflix.com/kr/login · 리다이렉트 1회 · 페이지 제목 'Netflix' · 등록도메인(PSL) netflix.com · viewport meta 있음,,False,LANE_B shadow executor / 모바일·데스크톱 2 posture 관측 후 규칙 판정,2026-08-26,SHADOW_PREPARATORY,d5f1da5652953542d5c8be377026cc3293f2075a,LANE_B,True,False,False,False,True
svc_fb3d1841dddfd982,NH콕뱅크,APP,SERVICE_BRAND,wtg_fb3d1841dddfd982,[MOBILE UA] https://banking.nonghyup.com/nhbank.html → HTTP 200 · 페이지 제목 'NH Bank - 농협인터넷뱅킹' · 등록도메인(PSL) nonghyup.com · viewport meta 없음,nh_cok_bank,ELIGIBLE_WEB,https://banking.nonghyup.com/nhbank.html,HIGH,HIGH,nonghyup.com,0.0,3,"banking.nonghyup.com/nhbank.html,mobile.nonghyup.com/promotion/appList01.do",E-2,[MOBILE UA] https://banking.nonghyup.com/nhbank.html → HTTP 200 · 페이지 제목 'NH Bank - 농협인터넷뱅킹' · 등록도메인(PSL) nonghyup.com · viewport meta 없음,,False,LANE_B shadow executor / 모바일·데스크톱 2 posture 관측 후 규칙 판정,2026-08-26,SHADOW_PREPARATORY,d5f1da5652953542d5c8be377026cc3293f2075a,LANE_B,True,False,False,False,True
svc_95967b50683649f2,NH스마트뱅킹,APP,SERVICE_BRAND,wtg_95967b50683649f2,[MOBILE UA] https://banking.nonghyup.com/nhbank.html → HTTP 200 · 페이지 제목 'NH Bank - 농협인터넷뱅킹' · 등록도메인(PSL) nonghyup.com · viewport meta 없음,nh_smart_banking,ELIGIBLE_WEB,https://banking.nonghyup.com/nhbank.html,HIGH,HIGH,nonghyup.com,0.0,3,"banking.nonghyup.com/nhbank.html,m.nonghyup.com/nhbank.html",E-2,[MOBILE UA] https://banking.nonghyup.com/nhbank.html → HTTP 200 · 페이지 제목 'NH Bank - 농협인터넷뱅킹' · 등록도메인(PSL) nonghyup.com · viewport meta 없음,,False,LANE_B shadow executor / 모바일·데스크톱 2 posture 관측 후 규칙 판정,2026-08-26,SHADOW_PREPARATORY,d5f1da5652953542d5c8be377026cc3293f2075a,LANE_B,True,False,False,False,True
svc_ad44f9ade6b9b551,삼성 계산기,APP,SERVICE_BRAND,wtg_ad44f9ade6b9b551,확인된 공식 웹 존재가 앱스토어 등재면뿐이다. 부재 확인 절차: 탐색 단계에서 삼성전자 공식 앱 소개 색인(samsung.com/sec/apps/)의 등재 앱 페이지를 전수 확인했고 '계산기' 페이지가 없음을 확인했다. 직접 요청한 후보 2건은 Galaxy Store 와 Play Store 등록 페이지였다. 선탑재라는 사실 자체는 근거로 쓰지 않았다.,samsung_calculator,EXCLUDED_APP_ONLY,,LOW,LOW,,,1,,E-3,확인된 공식 웹 존재가 앱스토어 등재면뿐이다. 부재 확인 절차: 탐색 단계에서 삼성전자 공식 앱 소개 색인(samsung.com/sec/apps/)의 등재 앱 페이지를 전수 확인했고 '계산기' 페이지가 없음을 확인했다. 직접 요청한 후보 2건은 Galaxy Store 와 Play Store 등록 페이지였다. 선탑재라는 사실 자체는 근거로 쓰지 않았다.,,False,LANE_B shadow executor / 모바일·데스크톱 2 posture 관측 후 규칙 판정,2026-08-26,SHADOW_PREPARATORY,d5f1da5652953542d5c8be377026cc3293f2075a,LANE_B,True,False,False,False,True
svc_088809bf9b31bc6a,삼성카드,APP,SERVICE_BRAND,wtg_088809bf9b31bc6a,[MOBILE UA] https://www.samsungcard.com/ → HTTP 200 · 페이지 제목 '삼성카드' · 등록도메인(PSL) samsungcard.com · viewport meta 없음,samsung_card,ELIGIBLE_WEB,https://www.samsungcard.com/,HIGH,HIGH,samsungcard.com,0.0,1,www.samsungcard.com/,E-2,[MOBILE UA] https://www.samsungcard.com/ → HTTP 200 · 페이지 제목 '삼성카드' · 등록도메인(PSL) samsungcard.com · viewport meta 없음,,False,LANE_B shadow executor / 모바일·데스크톱 2 posture 관측 후 규칙 판정,2026-08-26,SHADOW_PREPARATORY,d5f1da5652953542d5c8be377026cc3293f2075a,LANE_B,True,False,False,False,True
svc_ff3ee504792f6cfc,삼성 인터넷 브라우저,APP,SERVICE_BRAND,wtg_ff3ee504792f6cfc,[MOBILE UA] https://www.samsung.com/sec/apps/samsung-browser/ → HTTP 200 · 페이지 제목 '삼성 브라우저 | 앱 & 서비스 | Samsung 대한민국' · 등록도메인(PSL) samsung.com · viewport meta 있음,samsung_internet_browser,ELIGIBLE_WEB,https://www.samsung.com/sec/apps/samsung-browser/,HIGH,HIGH,samsung.com,0.0,2,www.samsung.com/sec/apps/samsung-browser,E-2,[MOBILE UA] https://www.samsung.com/sec/apps/samsung-browser/ → HTTP 200 · 페이지 제목 '삼성 브라우저 | 앱 & 서비스 | Samsung 대한민국' · 등록도메인(PSL) samsung.com · viewport meta 있음,,False,LANE_B shadow executor / 모바일·데스크톱 2 posture 관측 후 규칙 판정,2026-08-26,SHADOW_PREPARATORY,d5f1da5652953542d5c8be377026cc3293f2075a,LANE_B,True,False,False,False,True
svc_2cd43b99c1ed87cf,삼성 노트,APP,SERVICE_BRAND,wtg_2cd43b99c1ed87cf,[MOBILE UA] https://www.samsung.com/sec/apps/samsung-notes/ → HTTP 200 · 페이지 제목 'Samsung Notes | Apps & Services | Samsung 대한민국' · 등록도메인(PSL) samsung.com · viewport meta 있음,samsung_notes,ELIGIBLE_WEB,https://www.samsung.com/sec/apps/samsung-notes/,HIGH,HIGH,samsung.com,0.0,2,www.samsung.com/sec/apps/samsung-notes,E-2,[MOBILE UA] https://www.samsung.com/sec/apps/samsung-notes/ → HTTP 200 · 페이지 제목 'Samsung Notes | Apps & Services | Samsung 대한민국' · 등록도메인(PSL) samsung.com · viewport meta 있음,,False,LANE_B shadow executor / 모바일·데스크톱 2 posture 관측 후 규칙 판정,2026-08-26,SHADOW_PREPARATORY,d5f1da5652953542d5c8be377026cc3293f2075a,LANE_B,True,False,False,False,True
svc_dd5061eb74e2d4d4,삼성 월렛,APP,SERVICE_BRAND,wtg_dd5061eb74e2d4d4,[MOBILE UA] https://www.samsung.com/sec/apps/samsung-wallet/ → HTTP 200 · 페이지 제목 'Samsung Wallet ㅣ Samsung 대한민국' · 등록도메인(PSL) samsung.com · viewport meta 있음,samsung_wallet,ELIGIBLE_WEB,https://www.samsung.com/sec/apps/samsung-wallet/,HIGH,HIGH,samsung.com,0.0,2,"www.samsung.com/sec/apps/samsung-wallet,www.samsung.com/sec/apps/samsung-wallet/serviceguide",E-2,[MOBILE UA] https://www.samsung.com/sec/apps/samsung-wallet/ → HTTP 200 · 페이지 제목 'Samsung Wallet ㅣ Samsung 대한민국' · 등록도메인(PSL) samsung.com · viewport meta 있음,,False,LANE_B shadow executor / 모바일·데스크톱 2 posture 관측 후 규칙 판정,2026-08-26,SHADOW_PREPARATORY,d5f1da5652953542d5c8be377026cc3293f2075a,LANE_B,True,False,False,False,True
svc_64d30ef262d8782d,신한 SOL뱅크,APP,SERVICE_BRAND,wtg_64d30ef262d8782d,[MOBILE UA] https://bank.shinhan.com/ → HTTP 200 · 페이지 제목 'Shinhan Bank' · 등록도메인(PSL) shinhan.com · viewport meta 없음,shinhan_sol_bank,ELIGIBLE_WEB,https://bank.shinhan.com/,HIGH,HIGH,shinhan.com,0.0,3,"bank.shinhan.com/,nsol.shinhan.com/contents/guide/index.html",E-2,[MOBILE UA] https://bank.shinhan.com/ → HTTP 200 · 페이지 제목 'Shinhan Bank' · 등록도메인(PSL) shinhan.com · viewport meta 없음,,False,LANE_B shadow executor / 모바일·데스크톱 2 posture 관측 후 규칙 판정,2026-08-26,SHADOW_PREPARATORY,d5f1da5652953542d5c8be377026cc3293f2075a,LANE_B,True,False,False,False,True
svc_5beeafeac2e27eae,TikTok,APP,SERVICE_BRAND,wtg_5beeafeac2e27eae,[MOBILE UA] https://www.tiktok.com/ → HTTP 200 · 페이지 제목 'TikTok - Make Your Day' · 등록도메인(PSL) tiktok.com · viewport meta 있음,tiktok,ELIGIBLE_WEB,https://www.tiktok.com/,HIGH,HIGH,tiktok.com,0.0,2,"www.tiktok.com/,www.tiktok.com/foryou",E-2,[MOBILE UA] https://www.tiktok.com/ → HTTP 200 · 페이지 제목 'TikTok - Make Your Day' · 등록도메인(PSL) tiktok.com · viewport meta 있음,,False,LANE_B shadow executor / 모바일·데스크톱 2 posture 관측 후 규칙 판정,2026-08-26,SHADOW_PREPARATORY,d5f1da5652953542d5c8be377026cc3293f2075a,LANE_B,True,False,False,False,True
svc_ddb7aefefe0273b4,TikTok Lite,APP,SERVICE_BRAND,wtg_ddb7aefefe0273b4,확인된 후보가 기업·지원·파트너 사이트뿐이다 (https://ads.tiktok.com/resources/help/article/about-tiktok-lite-japan-and-korea). 소비자 서비스 랜딩을 확정하지 못했다.,tiktok_lite,UNDETERMINED_URL_EVIDENCE,,LOW,LOW,,,3,,E-5,확인된 후보가 기업·지원·파트너 사이트뿐이다 (https://ads.tiktok.com/resources/help/article/about-tiktok-lite-japan-and-korea). 소비자 서비스 랜딩을 확정하지 못했다.,"ONLY_ANCILLARY_CORPORATE_SITE_CONFIRMED,STATUS_UNDETERMINED_URL_EVIDENCE",True,LANE_B shadow executor / 모바일·데스크톱 2 posture 관측 후 규칙 판정,2026-08-26,SHADOW_PREPARATORY,d5f1da5652953542d5c8be377026cc3293f2075a,LANE_B,True,False,False,False,True
svc_60d4d22e3809f780,티맵,APP,SERVICE_BRAND,wtg_60d4d22e3809f780,[MOBILE UA] https://www.tmapmobility.com/ → HTTP 200 · 페이지 제목 'TMAP MOBILITY' · 등록도메인(PSL) tmapmobility.com · viewport meta 있음,tmap,ELIGIBLE_WEB,https://www.tmapmobility.com/,HIGH,HIGH,tmapmobility.com,0.0,3,www.tmapmobility.com/,E-2,[MOBILE UA] https://www.tmapmobility.com/ → HTTP 200 · 페이지 제목 'TMAP MOBILITY' · 등록도메인(PSL) tmapmobility.com · viewport meta 있음,,False,LANE_B shadow executor / 모바일·데스크톱 2 posture 관측 후 규칙 판정,2026-08-26,SHADOW_PREPARATORY,d5f1da5652953542d5c8be377026cc3293f2075a,LANE_B,True,False,False,False,True
svc_35319a420294ee17,토스,APP,SERVICE_BRAND,wtg_35319a420294ee17,[MOBILE UA] https://toss.im/ → HTTP 200 · 페이지 제목 '토스' · 등록도메인(PSL) toss.im · viewport meta 있음,toss,ELIGIBLE_WEB,https://toss.im/,HIGH,HIGH,toss.im,0.0,2,toss.im/,E-2,[MOBILE UA] https://toss.im/ → HTTP 200 · 페이지 제목 '토스' · 등록도메인(PSL) toss.im · viewport meta 있음,,False,LANE_B shadow executor / 모바일·데스크톱 2 posture 관측 후 규칙 판정,2026-08-26,SHADOW_PREPARATORY,d5f1da5652953542d5c8be377026cc3293f2075a,LANE_B,True,False,False,False,True
svc_190b4501e4415d5e,V3 Mobile Plus,APP,SERVICE_BRAND,wtg_190b4501e4415d5e,[MOBILE UA] https://mplweb.ahnlab.com/mplweb/v3mp/main_android.do → HTTP 200 · 페이지 제목 'V3 Mobile PLUS' · 등록도메인(PSL) ahnlab.com · viewport meta 있음,v3_mobile_plus,ELIGIBLE_WEB,https://mplweb.ahnlab.com/mplweb/v3mp/main_android.do,HIGH,HIGH,ahnlab.com,0.0,3,"mplweb.ahnlab.com/mplweb/v3mp/main_android.do,www.ahnlab.com/ko/product/v3-mobile-plus",E-2,[MOBILE UA] https://mplweb.ahnlab.com/mplweb/v3mp/main_android.do → HTTP 200 · 페이지 제목 'V3 Mobile PLUS' · 등록도메인(PSL) ahnlab.com · viewport meta 있음,,False,LANE_B shadow executor / 모바일·데스크톱 2 posture 관측 후 규칙 판정,2026-08-26,SHADOW_PREPARATORY,d5f1da5652953542d5c8be377026cc3293f2075a,LANE_B,True,False,False,False,True
svc_24e6654bfd1ab85b,YouTube,APP,SERVICE_BRAND,wtg_24e6654bfd1ab85b,[MOBILE UA] https://www.youtube.com/ → HTTP 200 · 최종 URL https://m.youtube.com/ · 리다이렉트 1회 · 페이지 제목 'YouTube' · 등록도메인(PSL) youtube.com · viewport meta 있음,youtube,ELIGIBLE_WEB,https://m.youtube.com/,HIGH,HIGH,youtube.com,1.0,2,m.youtube.com/,E-2,[MOBILE UA] https://www.youtube.com/ → HTTP 200 · 최종 URL https://m.youtube.com/ · 리다이렉트 1회 · 페이지 제목 'YouTube' · 등록도메인(PSL) youtube.com · viewport meta 있음,MOBILE_DESKTOP_FINAL_URL_DIVERGE,True,LANE_B shadow executor / 모바일·데스크톱 2 posture 관측 후 규칙 판정,2026-08-26,SHADOW_PREPARATORY,d5f1da5652953542d5c8be377026cc3293f2075a,LANE_B,True,False,False,False,True
svc_2af5cef408b64669,편의점,RETAIL,INDUSTRY_CATEGORY,,축이 업종 카테고리이며 브랜드가 아니다. fig07_t1 단독 출신이고 panel_scope 가 브랜드를 업종으로 집계한 것이라 자기 랜딩 URL 개념이 성립하지 않는다. URL 증거를 쓰지 않는 구조적 배제다.,industry_convenience_store,EXCLUDED_INDUSTRY_AXIS,,,,,,0,,E-1,축이 업종 카테고리이며 브랜드가 아니다. fig07_t1 단독 출신이고 panel_scope 가 브랜드를 업종으로 집계한 것이라 자기 랜딩 URL 개념이 성립하지 않는다. URL 증거를 쓰지 않는 구조적 배제다.,,False,LANE_B shadow executor / 모바일·데스크톱 2 posture 관측 후 규칙 판정,2026-08-26,SHADOW_PREPARATORY,d5f1da5652953542d5c8be377026cc3293f2075a,LANE_B,True,False,False,False,True
svc_412589798229c678,배달,RETAIL,INDUSTRY_CATEGORY,,축이 업종 카테고리이며 브랜드가 아니다. fig07_t1 단독 출신이고 panel_scope 가 브랜드를 업종으로 집계한 것이라 자기 랜딩 URL 개념이 성립하지 않는다. URL 증거를 쓰지 않는 구조적 배제다.,industry_delivery,EXCLUDED_INDUSTRY_AXIS,,,,,,0,,E-1,축이 업종 카테고리이며 브랜드가 아니다. fig07_t1 단독 출신이고 panel_scope 가 브랜드를 업종으로 집계한 것이라 자기 랜딩 URL 개념이 성립하지 않는다. URL 증거를 쓰지 않는 구조적 배제다.,,False,LANE_B shadow executor / 모바일·데스크톱 2 posture 관측 후 규칙 판정,2026-08-26,SHADOW_PREPARATORY,d5f1da5652953542d5c8be377026cc3293f2075a,LANE_B,True,False,False,False,True
svc_903a71c3a24e4116,백화점/아울렛,RETAIL,INDUSTRY_CATEGORY,,축이 업종 카테고리이며 브랜드가 아니다. fig07_t1 단독 출신이고 panel_scope 가 브랜드를 업종으로 집계한 것이라 자기 랜딩 URL 개념이 성립하지 않는다. URL 증거를 쓰지 않는 구조적 배제다.,industry_department_store_outlet,EXCLUDED_INDUSTRY_AXIS,,,,,,0,,E-1,축이 업종 카테고리이며 브랜드가 아니다. fig07_t1 단독 출신이고 panel_scope 가 브랜드를 업종으로 집계한 것이라 자기 랜딩 URL 개념이 성립하지 않는다. URL 증거를 쓰지 않는 구조적 배제다.,,False,LANE_B shadow executor / 모바일·데스크톱 2 posture 관측 후 규칙 판정,2026-08-26,SHADOW_PREPARATORY,d5f1da5652953542d5c8be377026cc3293f2075a,LANE_B,True,False,False,False,True
svc_7e16a52529c5b629,전자기기,RETAIL,INDUSTRY_CATEGORY,,축이 업종 카테고리이며 브랜드가 아니다. fig07_t1 단독 출신이고 panel_scope 가 브랜드를 업종으로 집계한 것이라 자기 랜딩 URL 개념이 성립하지 않는다. URL 증거를 쓰지 않는 구조적 배제다.,industry_electronics,EXCLUDED_INDUSTRY_AXIS,,,,,,0,,E-1,축이 업종 카테고리이며 브랜드가 아니다. fig07_t1 단독 출신이고 panel_scope 가 브랜드를 업종으로 집계한 것이라 자기 랜딩 URL 개념이 성립하지 않는다. URL 증거를 쓰지 않는 구조적 배제다.,,False,LANE_B shadow executor / 모바일·데스크톱 2 posture 관측 후 규칙 판정,2026-08-26,SHADOW_PREPARATORY,d5f1da5652953542d5c8be377026cc3293f2075a,LANE_B,True,False,False,False,True
svc_92e05e8212e443a2,식품,RETAIL,INDUSTRY_CATEGORY,,축이 업종 카테고리이며 브랜드가 아니다. fig07_t1 단독 출신이고 panel_scope 가 브랜드를 업종으로 집계한 것이라 자기 랜딩 URL 개념이 성립하지 않는다. URL 증거를 쓰지 않는 구조적 배제다.,industry_food,EXCLUDED_INDUSTRY_AXIS,,,,,,0,,E-1,축이 업종 카테고리이며 브랜드가 아니다. fig07_t1 단독 출신이고 panel_scope 가 브랜드를 업종으로 집계한 것이라 자기 랜딩 URL 개념이 성립하지 않는다. URL 증거를 쓰지 않는 구조적 배제다.,,False,LANE_B shadow executor / 모바일·데스크톱 2 posture 관측 후 규칙 판정,2026-08-26,SHADOW_PREPARATORY,d5f1da5652953542d5c8be377026cc3293f2075a,LANE_B,True,False,False,False,True
svc_c23db7aed7ecd624,식음료,RETAIL,INDUSTRY_CATEGORY,,축이 업종 카테고리이며 브랜드가 아니다. fig07_t1 단독 출신이고 panel_scope 가 브랜드를 업종으로 집계한 것이라 자기 랜딩 URL 개념이 성립하지 않는다. URL 증거를 쓰지 않는 구조적 배제다.,industry_food_beverage,EXCLUDED_INDUSTRY_AXIS,,,,,,0,,E-1,축이 업종 카테고리이며 브랜드가 아니다. fig07_t1 단독 출신이고 panel_scope 가 브랜드를 업종으로 집계한 것이라 자기 랜딩 URL 개념이 성립하지 않는다. URL 증거를 쓰지 않는 구조적 배제다.,,False,LANE_B shadow executor / 모바일·데스크톱 2 posture 관측 후 규칙 판정,2026-08-26,SHADOW_PREPARATORY,d5f1da5652953542d5c8be377026cc3293f2075a,LANE_B,True,False,False,False,True
svc_77c78a1555cf28ae,홈쇼핑,RETAIL,INDUSTRY_CATEGORY,,축이 업종 카테고리이며 브랜드가 아니다. fig07_t1 단독 출신이고 panel_scope 가 브랜드를 업종으로 집계한 것이라 자기 랜딩 URL 개념이 성립하지 않는다. URL 증거를 쓰지 않는 구조적 배제다.,industry_home_shopping,EXCLUDED_INDUSTRY_AXIS,,,,,,0,,E-1,축이 업종 카테고리이며 브랜드가 아니다. fig07_t1 단독 출신이고 panel_scope 가 브랜드를 업종으로 집계한 것이라 자기 랜딩 URL 개념이 성립하지 않는다. URL 증거를 쓰지 않는 구조적 배제다.,,False,LANE_B shadow executor / 모바일·데스크톱 2 posture 관측 후 규칙 판정,2026-08-26,SHADOW_PREPARATORY,d5f1da5652953542d5c8be377026cc3293f2075a,LANE_B,True,False,False,False,True
svc_bc65e77baaea207c,인터넷 쇼핑,RETAIL,INDUSTRY_CATEGORY,,축이 업종 카테고리이며 브랜드가 아니다. fig07_t1 단독 출신이고 panel_scope 가 브랜드를 업종으로 집계한 것이라 자기 랜딩 URL 개념이 성립하지 않는다. URL 증거를 쓰지 않는 구조적 배제다.,industry_internet_shopping,EXCLUDED_INDUSTRY_AXIS,,,,,,0,,E-1,축이 업종 카테고리이며 브랜드가 아니다. fig07_t1 단독 출신이고 panel_scope 가 브랜드를 업종으로 집계한 것이라 자기 랜딩 URL 개념이 성립하지 않는다. URL 증거를 쓰지 않는 구조적 배제다.,,False,LANE_B shadow executor / 모바일·데스크톱 2 posture 관측 후 규칙 판정,2026-08-26,SHADOW_PREPARATORY,d5f1da5652953542d5c8be377026cc3293f2075a,LANE_B,True,False,False,False,True
svc_b6a2bad4a8d88e77,오프라인 마트,RETAIL,INDUSTRY_CATEGORY,,축이 업종 카테고리이며 브랜드가 아니다. fig07_t1 단독 출신이고 panel_scope 가 브랜드를 업종으로 집계한 것이라 자기 랜딩 URL 개념이 성립하지 않는다. URL 증거를 쓰지 않는 구조적 배제다.,industry_offline_mart,EXCLUDED_INDUSTRY_AXIS,,,,,,0,,E-1,축이 업종 카테고리이며 브랜드가 아니다. fig07_t1 단독 출신이고 panel_scope 가 브랜드를 업종으로 집계한 것이라 자기 랜딩 URL 개념이 성립하지 않는다. URL 증거를 쓰지 않는 구조적 배제다.,,False,LANE_B shadow executor / 모바일·데스크톱 2 posture 관측 후 규칙 판정,2026-08-26,SHADOW_PREPARATORY,d5f1da5652953542d5c8be377026cc3293f2075a,LANE_B,True,False,False,False,True
svc_a6b8f11674c80b5f,여행/교통,RETAIL,INDUSTRY_CATEGORY,,축이 업종 카테고리이며 브랜드가 아니다. fig07_t1 단독 출신이고 panel_scope 가 브랜드를 업종으로 집계한 것이라 자기 랜딩 URL 개념이 성립하지 않는다. URL 증거를 쓰지 않는 구조적 배제다.,industry_travel_transport,EXCLUDED_INDUSTRY_AXIS,,,,,,0,,E-1,축이 업종 카테고리이며 브랜드가 아니다. fig07_t1 단독 출신이고 panel_scope 가 브랜드를 업종으로 집계한 것이라 자기 랜딩 URL 개념이 성립하지 않는다. URL 증거를 쓰지 않는 구조적 배제다.,,False,LANE_B shadow executor / 모바일·데스크톱 2 posture 관측 후 규칙 판정,2026-08-26,SHADOW_PREPARATORY,d5f1da5652953542d5c8be377026cc3293f2075a,LANE_B,True,False,False,False,True
svc_c5285b96b598a08b,배달의민족,RETAIL,SERVICE_BRAND,wtg_c5285b96b598a08b,[MOBILE UA] https://baemin.com/ → HTTP 200 · 페이지 제목 '배달의민족 - 배달팁 무료 배민클럽' · 등록도메인(PSL) baemin.com · viewport meta 있음,baemin,ELIGIBLE_WEB,https://baemin.com/,HIGH,HIGH,baemin.com,0.0,3,"baemin.com/,ceo.baemin.com/,member-web.baemin.com/",E-2,[MOBILE UA] https://baemin.com/ → HTTP 200 · 페이지 제목 '배달의민족 - 배달팁 무료 배민클럽' · 등록도메인(PSL) baemin.com · viewport meta 있음,,False,LANE_B shadow executor / 모바일·데스크톱 2 posture 관측 후 규칙 판정,2026-08-26,SHADOW_PREPARATORY,d5f1da5652953542d5c8be377026cc3293f2075a,LANE_B,True,False,False,False,True
svc_4feab7e61bf642e8,CJ온스타일,RETAIL,SERVICE_BRAND,wtg_4feab7e61bf642e8,[MOBILE UA] https://display.cjonstyle.com/nfront/search/searchAllList/ → HTTP 200 · 페이지 제목 'CJ온스타일' · 등록도메인(PSL) cjonstyle.com · viewport meta 있음,cj_onstyle,ELIGIBLE_WEB,https://display.cjonstyle.com/nfront/search/searchAllList/,HIGH,HIGH,cjonstyle.com,0.0,2,"display.cjonstyle.com/m/homeTab/main,display.cjonstyle.com/nfront/search/searchAllList",E-2,[MOBILE UA] https://display.cjonstyle.com/nfront/search/searchAllList/ → HTTP 200 · 페이지 제목 'CJ온스타일' · 등록도메인(PSL) cjonstyle.com · viewport meta 있음,,False,LANE_B shadow executor / 모바일·데스크톱 2 posture 관측 후 규칙 판정,2026-08-26,SHADOW_PREPARATORY,d5f1da5652953542d5c8be377026cc3293f2075a,LANE_B,True,False,False,False,True
svc_51484a735cdb487b,컴포즈커피,RETAIL,SERVICE_BRAND,wtg_51484a735cdb487b,[MOBILE UA] https://composecoffee.com/ → HTTP 200 · 페이지 제목 '컴포즈커피' · 등록도메인(PSL) composecoffee.com · viewport meta 있음,compose_coffee,ELIGIBLE_WEB,https://composecoffee.com/,HIGH,HIGH,composecoffee.com,0.0,1,composecoffee.com/,E-2,[MOBILE UA] https://composecoffee.com/ → HTTP 200 · 페이지 제목 '컴포즈커피' · 등록도메인(PSL) composecoffee.com · viewport meta 있음,,False,LANE_B shadow executor / 모바일·데스크톱 2 posture 관측 후 규칙 판정,2026-08-26,SHADOW_PREPARATORY,d5f1da5652953542d5c8be377026cc3293f2075a,LANE_B,True,False,False,False,True
svc_22ffba7a86ea9919,코스트코,RETAIL,SERVICE_BRAND,wtg_22ffba7a86ea9919,[MOBILE UA] https://www.costco.co.kr/ → HTTP 200 · 페이지 제목 '코스트코 온라인몰 | 코스트코 코리아' · 등록도메인(PSL) costco.co.kr · viewport meta 있음,costco,ELIGIBLE_WEB,https://www.costco.co.kr/,HIGH,HIGH,costco.co.kr,0.0,2,"www.costco.co.kr/,www.costco.co.kr/store-finder",E-2,[MOBILE UA] https://www.costco.co.kr/ → HTTP 200 · 페이지 제목 '코스트코 온라인몰 | 코스트코 코리아' · 등록도메인(PSL) costco.co.kr · viewport meta 있음,,False,LANE_B shadow executor / 모바일·데스크톱 2 posture 관측 후 규칙 판정,2026-08-26,SHADOW_PREPARATORY,d5f1da5652953542d5c8be377026cc3293f2075a,LANE_B,True,False,False,False,True
svc_054d78ed187cdd9f,쿠팡이츠,RETAIL,SERVICE_BRAND,wtg_054d78ed187cdd9f,"[MOBILE UA] https://www.coupangeats.com/ → HTTP 200 · 페이지 제목 '더 좋은 식사의 시작, 쿠팡이츠 - 쿠팡이츠' · 등록도메인(PSL) coupangeats.com · viewport meta 있음",coupang_eats,ELIGIBLE_WEB,https://www.coupangeats.com/,HIGH,HIGH,coupangeats.com,0.0,2,"store.coupangeats.com/merchant/login,www.coupangeats.com/",E-2,"[MOBILE UA] https://www.coupangeats.com/ → HTTP 200 · 페이지 제목 '더 좋은 식사의 시작, 쿠팡이츠 - 쿠팡이츠' · 등록도메인(PSL) coupangeats.com · viewport meta 있음",,False,LANE_B shadow executor / 모바일·데스크톱 2 posture 관측 후 규칙 판정,2026-08-26,SHADOW_PREPARATORY,d5f1da5652953542d5c8be377026cc3293f2075a,LANE_B,True,False,False,False,True
svc_e22ebedb0e6c205f,쿠팡,RETAIL,SERVICE_BRAND,wtg_5b8c59f6fd9839f7,모바일 UA 관측에서 2xx/3xx 로 응답한 비(非)스토어 후보가 없다. 관측된 상태코드: [403],coupang_retail,UNDETERMINED_URL_EVIDENCE,,LOW,LOW,,,0,,E-5,모바일 UA 관측에서 2xx/3xx 로 응답한 비(非)스토어 후보가 없다. 관측된 상태코드: [403],"LANDING_NOT_SEEN_BOT_BLOCKED,STATUS_UNDETERMINED_URL_EVIDENCE",True,LANE_B shadow executor / 모바일·데스크톱 2 posture 관측 후 규칙 판정,2026-08-26,SHADOW_PREPARATORY,d5f1da5652953542d5c8be377026cc3293f2075a,LANE_B,True,False,False,False,True
svc_e67be79550661604,CU,RETAIL,SERVICE_BRAND,wtg_e67be79550661604,[MOBILE UA] https://cu.bgfretail.com/ → HTTP 200 · 페이지 제목 'CU브랜드 모바일' · 등록도메인(PSL) bgfretail.com · viewport meta 있음,cu,ELIGIBLE_WEB,https://cu.bgfretail.com/,HIGH,HIGH,bgfretail.com,0.0,1,cu.bgfretail.com/,E-2,[MOBILE UA] https://cu.bgfretail.com/ → HTTP 200 · 페이지 제목 'CU브랜드 모바일' · 등록도메인(PSL) bgfretail.com · viewport meta 있음,,False,LANE_B shadow executor / 모바일·데스크톱 2 posture 관측 후 규칙 판정,2026-08-26,SHADOW_PREPARATORY,d5f1da5652953542d5c8be377026cc3293f2075a,LANE_B,True,False,False,False,True
svc_377983572bd38242,다이소,RETAIL,SERVICE_BRAND,wtg_377983572bd38242,"[MOBILE UA] https://www.daiso.co.kr/ → HTTP 200 · 페이지 제목 '국민가게, 다이소' · 등록도메인(PSL) daiso.co.kr · viewport meta 있음 · 앱스토어 신호 'play.google.com/store/apps'",daiso,ELIGIBLE_WEB,https://www.daiso.co.kr/,HIGH,HIGH,daiso.co.kr,0.0,2,"prdm.daisomall.co.kr/,www.daiso.co.kr/",E-2,"[MOBILE UA] https://www.daiso.co.kr/ → HTTP 200 · 페이지 제목 '국민가게, 다이소' · 등록도메인(PSL) daiso.co.kr · viewport meta 있음 · 앱스토어 신호 'play.google.com/store/apps'",CANDIDATE_REGISTERED_DOMAIN_CONFLICT,True,LANE_B shadow executor / 모바일·데스크톱 2 posture 관측 후 규칙 판정,2026-08-26,SHADOW_PREPARATORY,d5f1da5652953542d5c8be377026cc3293f2075a,LANE_B,True,False,False,False,True
svc_7f6f1aa6dd218d4d,이마트,RETAIL,SERVICE_BRAND,wtg_7f6f1aa6dd218d4d,[MOBILE UA] https://store.emart.com/ → HTTP 200 · 페이지 제목 '스토어 이마트' · 등록도메인(PSL) emart.com · viewport meta 없음,emart,ELIGIBLE_WEB,https://store.emart.com/,HIGH,HIGH,emart.com,0.0,3,"m-emart.ssg.com/,store.emart.com/",E-2,[MOBILE UA] https://store.emart.com/ → HTTP 200 · 페이지 제목 '스토어 이마트' · 등록도메인(PSL) emart.com · viewport meta 없음,CANDIDATE_REGISTERED_DOMAIN_CONFLICT,True,LANE_B shadow executor / 모바일·데스크톱 2 posture 관측 후 규칙 판정,2026-08-26,SHADOW_PREPARATORY,d5f1da5652953542d5c8be377026cc3293f2075a,LANE_B,True,False,False,False,True
svc_be1e6feb78e5ef03,emart24,RETAIL,SERVICE_BRAND,wtg_be1e6feb78e5ef03,[MOBILE UA] https://emart24.co.kr/ → HTTP 200 · 페이지 제목 '홈 - 이마트24' · 등록도메인(PSL) emart24.co.kr · viewport meta 있음 · 앱스토어 신호 'play.google.com/store/apps',emart24,ELIGIBLE_WEB,https://emart24.co.kr/,HIGH,HIGH,emart24.co.kr,0.0,2,"emart24.co.kr/,emart24.co.kr/store",E-2,[MOBILE UA] https://emart24.co.kr/ → HTTP 200 · 페이지 제목 '홈 - 이마트24' · 등록도메인(PSL) emart24.co.kr · viewport meta 있음 · 앱스토어 신호 'play.google.com/store/apps',,False,LANE_B shadow executor / 모바일·데스크톱 2 posture 관측 후 규칙 판정,2026-08-26,SHADOW_PREPARATORY,d5f1da5652953542d5c8be377026cc3293f2075a,LANE_B,True,False,False,False,True
svc_e4a6c04cbf9d9421,G마켓/옥션,RETAIL,SERVICE_BRAND,wtg_f9fbd771ffcdbd42,"slash pair entity 의 후보 랜딩이 ['www.auction.co.kr/', 'www.gmarket.co.kr/'] 로 갈린다. 두 브랜드 중 어느 쪽을 이 measurement entity 의 랜딩이라 할 근거가 없다. 확정하지 않는다.",gmarket_auction,UNDETERMINED_URL_EVIDENCE,,LOW,LOW,,,1,"www.auction.co.kr/,www.gmarket.co.kr/",E-5,"slash pair entity 의 후보 랜딩이 ['www.auction.co.kr/', 'www.gmarket.co.kr/'] 로 갈린다. 두 브랜드 중 어느 쪽을 이 measurement entity 의 랜딩이라 할 근거가 없다. 확정하지 않는다.","CANDIDATE_REGISTERED_DOMAIN_CONFLICT,LANDING_NOT_SEEN_BOT_BLOCKED,SOURCE_LABEL_IS_SLASH_PAIR,STATUS_UNDETERMINED_URL_EVIDENCE",True,LANE_B shadow executor / 모바일·데스크톱 2 posture 관측 후 규칙 판정,2026-08-26,SHADOW_PREPARATORY,d5f1da5652953542d5c8be377026cc3293f2075a,LANE_B,True,False,False,False,True
svc_12e3942c0495b9a4,GS25,RETAIL,SERVICE_BRAND,wtg_12e3942c0495b9a4,[MOBILE UA] https://www.gsretail.com/brand/gs25 → HTTP 200 · 페이지 제목 'GS Retail' · 등록도메인(PSL) gsretail.com · viewport meta 있음,gs25,ELIGIBLE_WEB,https://www.gsretail.com/brand/gs25,HIGH,HIGH,gsretail.com,0.0,3,"www.gsretail.com/brand/gs25,www.gsretail.com/gsretail/ko/brand/about-gs25",E-2,[MOBILE UA] https://www.gsretail.com/brand/gs25 → HTTP 200 · 페이지 제목 'GS Retail' · 등록도메인(PSL) gsretail.com · viewport meta 있음,,False,LANE_B shadow executor / 모바일·데스크톱 2 posture 관측 후 규칙 판정,2026-08-26,SHADOW_PREPARATORY,d5f1da5652953542d5c8be377026cc3293f2075a,LANE_B,True,False,False,False,True
svc_e268b0ad5a2d6ece,GS홈쇼핑/GS Shop,RETAIL,SERVICE_BRAND,wtg_e268b0ad5a2d6ece,"slash pair entity 의 후보 랜딩이 ['m.gsshop.com/index.gs', 'www.gsretail.com/gsretail/ko/brand/about-gsshop'] 로 갈린다. 두 브랜드 중 어느 쪽을 이 measurement entity 의 랜딩이라 할 근거가 없다. 확정하지 않는다.",gs_homeshopping_gsshop,UNDETERMINED_URL_EVIDENCE,,LOW,LOW,,,3,"m.gsshop.com/index.gs,www.gsretail.com/gsretail/ko/brand/about-gsshop",E-5,"slash pair entity 의 후보 랜딩이 ['m.gsshop.com/index.gs', 'www.gsretail.com/gsretail/ko/brand/about-gsshop'] 로 갈린다. 두 브랜드 중 어느 쪽을 이 measurement entity 의 랜딩이라 할 근거가 없다. 확정하지 않는다.","CANDIDATE_REGISTERED_DOMAIN_CONFLICT,SOURCE_LABEL_IS_SLASH_PAIR,STATUS_UNDETERMINED_URL_EVIDENCE",True,LANE_B shadow executor / 모바일·데스크톱 2 posture 관측 후 규칙 판정,2026-08-26,SHADOW_PREPARATORY,d5f1da5652953542d5c8be377026cc3293f2075a,LANE_B,True,False,False,False,True
svc_5c614fc99631ce5e,홈앤쇼핑,RETAIL,SERVICE_BRAND,wtg_5c614fc99631ce5e,[MOBILE UA] https://www.hnsmall.com/ → HTTP 200 · 최종 URL https://m.hnsmall.com/main · 리다이렉트 4회 · 페이지 제목 'HOME & SHOPPING' · 등록도메인(PSL) hnsmall.com · viewport meta 있음,home_and_shopping,ELIGIBLE_WEB,https://m.hnsmall.com/main,HIGH,HIGH,hnsmall.com,4.0,2,"join.hnsmall.com/main,m.hnsmall.com/main",E-2,[MOBILE UA] https://www.hnsmall.com/ → HTTP 200 · 최종 URL https://m.hnsmall.com/main · 리다이렉트 4회 · 페이지 제목 'HOME & SHOPPING' · 등록도메인(PSL) hnsmall.com · viewport meta 있음,MOBILE_DESKTOP_FINAL_URL_DIVERGE,True,LANE_B shadow executor / 모바일·데스크톱 2 posture 관측 후 규칙 판정,2026-08-26,SHADOW_PREPARATORY,d5f1da5652953542d5c8be377026cc3293f2075a,LANE_B,True,False,False,False,True
svc_0ee385d0c964e560,홈플러스,RETAIL,SERVICE_BRAND,wtg_0ee385d0c964e560,[MOBILE UA] https://mfront.homeplus.co.kr/ → HTTP 200 · 페이지 제목 '홈플러스 :: 당일배송 온라인 마트 장보기' · 등록도메인(PSL) homeplus.co.kr · viewport meta 있음 · 앱스토어 신호 'play.google.com/store/apps',homeplus,ELIGIBLE_WEB,https://mfront.homeplus.co.kr/,HIGH,HIGH,homeplus.co.kr,0.0,4,"mfront.homeplus.co.kr/,my.homeplus.co.kr/store/search_region",E-2,[MOBILE UA] https://mfront.homeplus.co.kr/ → HTTP 200 · 페이지 제목 '홈플러스 :: 당일배송 온라인 마트 장보기' · 등록도메인(PSL) homeplus.co.kr · viewport meta 있음 · 앱스토어 신호 'play.google.com/store/apps',,False,LANE_B shadow executor / 모바일·데스크톱 2 posture 관측 후 규칙 판정,2026-08-26,SHADOW_PREPARATORY,d5f1da5652953542d5c8be377026cc3293f2075a,LANE_B,True,False,False,False,True
svc_ccb9754c97fa7341,현대백화점,RETAIL,SERVICE_BRAND,wtg_ccb9754c97fa7341,[MOBILE UA] https://thehyundaiseoul.ehyundai.com/ → HTTP 200 · 페이지 제목 'THE HYUNDAI SEOUL | 더현대 서울' · 등록도메인(PSL) ehyundai.com · viewport meta 있음,hyundai_department_store,ELIGIBLE_WEB,https://thehyundaiseoul.ehyundai.com/,HIGH,HIGH,ehyundai.com,0.0,3,"hi.thehyundai.com/,thehyundaiseoul.ehyundai.com/,www.ehyundai.com/",E-2,[MOBILE UA] https://thehyundaiseoul.ehyundai.com/ → HTTP 200 · 페이지 제목 'THE HYUNDAI SEOUL | 더현대 서울' · 등록도메인(PSL) ehyundai.com · viewport meta 있음,CANDIDATE_REGISTERED_DOMAIN_CONFLICT,True,LANE_B shadow executor / 모바일·데스크톱 2 posture 관측 후 규칙 판정,2026-08-26,SHADOW_PREPARATORY,d5f1da5652953542d5c8be377026cc3293f2075a,LANE_B,True,False,False,False,True
svc_353f07b932464b82,현대홈쇼핑/현대Hmall,RETAIL,SERVICE_BRAND,wtg_353f07b932464b82,[MOBILE UA] https://www.hmall.com/ → HTTP 200 · 최종 URL https://www.hmall.com/md/dpl/index · 리다이렉트 1회 · 페이지 제목 '현대홈쇼핑 - 현대Hmall' · 등록도메인(PSL) hmall.com · viewport meta 있음 · 앱스토어 신호 'play.google.com/store/apps',hyundai_homeshopping_hmall,ELIGIBLE_WEB,https://www.hmall.com/md/dpl/index,HIGH,HIGH,hmall.com,1.0,2,www.hmall.com/md/dpl/index,E-2,[MOBILE UA] https://www.hmall.com/ → HTTP 200 · 최종 URL https://www.hmall.com/md/dpl/index · 리다이렉트 1회 · 페이지 제목 '현대홈쇼핑 - 현대Hmall' · 등록도메인(PSL) hmall.com · viewport meta 있음 · 앱스토어 신호 'play.google.com/store/apps',SOURCE_LABEL_IS_SLASH_PAIR,True,LANE_B shadow executor / 모바일·데스크톱 2 posture 관측 후 규칙 판정,2026-08-26,SHADOW_PREPARATORY,d5f1da5652953542d5c8be377026cc3293f2075a,LANE_B,True,False,False,False,True
svc_ccd84811932b237b,카카오T,RETAIL,SERVICE_BRAND,wtg_ccd84811932b237b,[MOBILE UA] https://www.kakaomobility.com/service-kakaot → HTTP 200 · 페이지 제목 '카카오 T | 서비스 | 카카오모빌리티' · 등록도메인(PSL) kakaomobility.com · viewport meta 있음 · 앱스토어 신호 'play.google.com/store/apps',kakao_t,ELIGIBLE_WEB,https://www.kakaomobility.com/service-kakaot,HIGH,HIGH,kakaomobility.com,0.0,3,"service.kakaomobility.com/launch/kakaot,www.kakaomobility.com/service-kakaot",E-2,[MOBILE UA] https://www.kakaomobility.com/service-kakaot → HTTP 200 · 페이지 제목 '카카오 T | 서비스 | 카카오모빌리티' · 등록도메인(PSL) kakaomobility.com · viewport meta 있음 · 앱스토어 신호 'play.google.com/store/apps',,False,LANE_B shadow executor / 모바일·데스크톱 2 posture 관측 후 규칙 판정,2026-08-26,SHADOW_PREPARATORY,d5f1da5652953542d5c8be377026cc3293f2075a,LANE_B,True,False,False,False,True
svc_9b353f64ce509d5a,대한항공,RETAIL,SERVICE_BRAND,wtg_9b353f64ce509d5a,모바일 UA 관측에서 어떤 후보도 응답하지 않았다.,korean_air,UNDETERMINED_URL_EVIDENCE,,LOW,LOW,,,0,,E-5,모바일 UA 관측에서 어떤 후보도 응답하지 않았다.,"NO_OBSERVATION,STATUS_UNDETERMINED_URL_EVIDENCE",True,LANE_B shadow executor / 모바일·데스크톱 2 posture 관측 후 규칙 판정,2026-08-26,SHADOW_PREPARATORY,d5f1da5652953542d5c8be377026cc3293f2075a,LANE_B,True,False,False,False,True
svc_dd2cec4c1fa2beec,롯데백화점,RETAIL,SERVICE_BRAND,wtg_dd2cec4c1fa2beec,[MOBILE UA] https://m.department.lotteon.com/ → HTTP 200 · 최종 URL https://www.lotteon.com:443/p/display/main/ellotte?mall_no=2 · 리다이렉트 1회 · 페이지 제목 '롯데백화점' · 등록도메인(PSL) lotteon.com · viewport meta 있음,lotte_department_store,ELIGIBLE_WEB,https://www.lotteon.com:443/p/display/main/ellotte?mall_no=2,HIGH,HIGH,lotteon.com,1.0,3,"m.lotteshopping.com/main,www.lotteon.com/m/display/main/lotteon,www.lotteon.com/p/display/main/ellotte",E-2,[MOBILE UA] https://m.department.lotteon.com/ → HTTP 200 · 최종 URL https://www.lotteon.com:443/p/display/main/ellotte?mall_no=2 · 리다이렉트 1회 · 페이지 제목 '롯데백화점' · 등록도메인(PSL) lotteon.com · viewport meta 있음,CANDIDATE_REGISTERED_DOMAIN_CONFLICT,True,LANE_B shadow executor / 모바일·데스크톱 2 posture 관측 후 규칙 판정,2026-08-26,SHADOW_PREPARATORY,d5f1da5652953542d5c8be377026cc3293f2075a,LANE_B,True,False,False,False,True
svc_ef06dc942ef3ccc9,롯데하이마트,RETAIL,SERVICE_BRAND,wtg_ef06dc942ef3ccc9,[MOBILE UA] https://www.e-himart.co.kr/ → HTTP 200 · 페이지 제목 '롯데하이마트 온라인쇼핑몰' · 등록도메인(PSL) e-himart.co.kr · viewport meta 없음,lotte_himart,ELIGIBLE_WEB,https://www.e-himart.co.kr/,HIGH,HIGH,e-himart.co.kr,0.0,2,www.e-himart.co.kr/,E-2,[MOBILE UA] https://www.e-himart.co.kr/ → HTTP 200 · 페이지 제목 '롯데하이마트 온라인쇼핑몰' · 등록도메인(PSL) e-himart.co.kr · viewport meta 없음,CANDIDATE_REGISTERED_DOMAIN_CONFLICT,True,LANE_B shadow executor / 모바일·데스크톱 2 posture 관측 후 규칙 판정,2026-08-26,SHADOW_PREPARATORY,d5f1da5652953542d5c8be377026cc3293f2075a,LANE_B,True,False,False,False,True
svc_888d37f34b5d3aaa,롯데홈쇼핑,RETAIL,SERVICE_BRAND,wtg_888d37f34b5d3aaa,[MOBILE UA] https://www.lottehomeshopping.com/user/main/index.lotte → HTTP 200 · 페이지 제목 'LOTTE Homeshopping' · 등록도메인(PSL) lottehomeshopping.com · viewport meta 없음,lotte_homeshopping,ELIGIBLE_WEB,https://www.lottehomeshopping.com/user/main/index.lotte,HIGH,HIGH,lottehomeshopping.com,0.0,2,"www.lottehomeshopping.com/user/main/index.lotte,www.lotteimall.com/",E-2,[MOBILE UA] https://www.lottehomeshopping.com/user/main/index.lotte → HTTP 200 · 페이지 제목 'LOTTE Homeshopping' · 등록도메인(PSL) lottehomeshopping.com · viewport meta 없음,CANDIDATE_REGISTERED_DOMAIN_CONFLICT,True,LANE_B shadow executor / 모바일·데스크톱 2 posture 관측 후 규칙 판정,2026-08-26,SHADOW_PREPARATORY,d5f1da5652953542d5c8be377026cc3293f2075a,LANE_B,True,False,False,False,True
svc_88cb7f1e54f26500,롯데마트,RETAIL,SERVICE_BRAND,wtg_88cb7f1e54f26500,[MOBILE UA] https://lottemartzetta.com/ → HTTP 200 · 페이지 제목 '롯데마트 제타ㅣ온라인 신선 장보기 몰' · 등록도메인(PSL) lottemartzetta.com · viewport meta 있음,lotte_mart,ELIGIBLE_WEB,https://lottemartzetta.com/,HIGH,HIGH,lottemartzetta.com,0.0,3,"lottemartzetta.com/,www.lotteon.com/p/display/main/lottemart",E-2,[MOBILE UA] https://lottemartzetta.com/ → HTTP 200 · 페이지 제목 '롯데마트 제타ㅣ온라인 신선 장보기 몰' · 등록도메인(PSL) lottemartzetta.com · viewport meta 있음,CANDIDATE_REGISTERED_DOMAIN_CONFLICT,True,LANE_B shadow executor / 모바일·데스크톱 2 posture 관측 후 규칙 판정,2026-08-26,SHADOW_PREPARATORY,d5f1da5652953542d5c8be377026cc3293f2075a,LANE_B,True,False,False,False,True
svc_e7bb158c1c8d9fe7,마켓컬리,RETAIL,SERVICE_BRAND,wtg_e7bb158c1c8d9fe7,[MOBILE UA] https://www.kurly.com/ → HTTP 200 · 최종 URL https://www.kurly.com/main · 리다이렉트 1회 · 페이지 제목 '컬리 - 마켓컬리/뷰티컬리' · 등록도메인(PSL) kurly.com · viewport meta 있음 · 앱스토어 신호 'apps.apple.com',market_kurly,ELIGIBLE_WEB,https://www.kurly.com/main,HIGH,HIGH,kurly.com,1.0,1,www.kurly.com/main,E-2,[MOBILE UA] https://www.kurly.com/ → HTTP 200 · 최종 URL https://www.kurly.com/main · 리다이렉트 1회 · 페이지 제목 '컬리 - 마켓컬리/뷰티컬리' · 등록도메인(PSL) kurly.com · viewport meta 있음 · 앱스토어 신호 'apps.apple.com',,False,LANE_B shadow executor / 모바일·데스크톱 2 posture 관측 후 규칙 판정,2026-08-26,SHADOW_PREPARATORY,d5f1da5652953542d5c8be377026cc3293f2075a,LANE_B,True,False,False,False,True
svc_ea031f85e857140e,메가커피,RETAIL,SERVICE_BRAND,wtg_ea031f85e857140e,[MOBILE UA] https://www.megacoffee.co.kr/ → HTTP 200 · 최종 URL https://m.megacoffee.co.kr/ · 리다이렉트 2회 · 페이지 제목 '메가커피 공식 쇼핑몰' · 등록도메인(PSL) megacoffee.co.kr · viewport meta 있음,mega_coffee,ELIGIBLE_WEB,https://m.megacoffee.co.kr/,HIGH,HIGH,megacoffee.co.kr,2.0,2,"m.megacoffee.co.kr/,www.mega-mgccoffee.com/",E-2,[MOBILE UA] https://www.megacoffee.co.kr/ → HTTP 200 · 최종 URL https://m.megacoffee.co.kr/ · 리다이렉트 2회 · 페이지 제목 '메가커피 공식 쇼핑몰' · 등록도메인(PSL) megacoffee.co.kr · viewport meta 있음,"CANDIDATE_REGISTERED_DOMAIN_CONFLICT,MOBILE_DESKTOP_FINAL_URL_DIVERGE",True,LANE_B shadow executor / 모바일·데스크톱 2 posture 관측 후 규칙 판정,2026-08-26,SHADOW_PREPARATORY,d5f1da5652953542d5c8be377026cc3293f2075a,LANE_B,True,False,False,False,True
svc_7ce399cd76c70efa,네이버/네이버페이,RETAIL,SERVICE_BRAND,wtg_6d5510a695d0a614,"slash pair entity 의 후보 랜딩이 ['home.pay.naver.com/', 'm.naver.com/'] 로 갈린다. 두 브랜드 중 어느 쪽을 이 measurement entity 의 랜딩이라 할 근거가 없다. 확정하지 않는다.",naver_naverpay,UNDETERMINED_URL_EVIDENCE,,LOW,LOW,,,2,"home.pay.naver.com/,m.naver.com/",E-5,"slash pair entity 의 후보 랜딩이 ['home.pay.naver.com/', 'm.naver.com/'] 로 갈린다. 두 브랜드 중 어느 쪽을 이 measurement entity 의 랜딩이라 할 근거가 없다. 확정하지 않는다.","CANDIDATE_REGISTERED_DOMAIN_CONFLICT,SOURCE_LABEL_IS_SLASH_PAIR,STATUS_UNDETERMINED_URL_EVIDENCE",True,LANE_B shadow executor / 모바일·데스크톱 2 posture 관측 후 규칙 판정,2026-08-26,SHADOW_PREPARATORY,d5f1da5652953542d5c8be377026cc3293f2075a,LANE_B,True,False,False,False,True
svc_7594fc1d91ec9188,NC백화점/뉴코아아울렛,RETAIL,SERVICE_BRAND,wtg_7594fc1d91ec9188,"slash pair entity 의 후보 랜딩이 ['www.elandmall.co.kr/u/store-main', 'www.elandretail.com/'] 로 갈린다. 두 브랜드 중 어느 쪽을 이 measurement entity 의 랜딩이라 할 근거가 없다. 확정하지 않는다.",nc_dept_newcore_outlet,UNDETERMINED_URL_EVIDENCE,,LOW,LOW,,,2,"www.elandmall.co.kr/u/store-main,www.elandretail.com/",E-5,"slash pair entity 의 후보 랜딩이 ['www.elandmall.co.kr/u/store-main', 'www.elandretail.com/'] 로 갈린다. 두 브랜드 중 어느 쪽을 이 measurement entity 의 랜딩이라 할 근거가 없다. 확정하지 않는다.","CANDIDATE_REGISTERED_DOMAIN_CONFLICT,SOURCE_LABEL_IS_SLASH_PAIR,STATUS_UNDETERMINED_URL_EVIDENCE",True,LANE_B shadow executor / 모바일·데스크톱 2 posture 관측 후 규칙 판정,2026-08-26,SHADOW_PREPARATORY,d5f1da5652953542d5c8be377026cc3293f2075a,LANE_B,True,False,False,False,True
svc_517b8047eb5be716,농협하나로마트,RETAIL,SERVICE_BRAND,wtg_517b8047eb5be716,[MOBILE UA] https://www.nhhanaro.co.kr/ → HTTP 200 · 리다이렉트 1회 · 페이지 제목 'main' · 등록도메인(PSL) nhhanaro.co.kr · viewport meta 없음,nonghyup_hanaro_mart,ELIGIBLE_WEB,https://www.nhhanaro.co.kr/,HIGH,HIGH,nhhanaro.co.kr,1.0,2,"m.nonghyupmall.com/MC61010R/deliveryMain.nh,www.nhhanaro.co.kr/",E-2,[MOBILE UA] https://www.nhhanaro.co.kr/ → HTTP 200 · 리다이렉트 1회 · 페이지 제목 'main' · 등록도메인(PSL) nhhanaro.co.kr · viewport meta 없음,CANDIDATE_REGISTERED_DOMAIN_CONFLICT,True,LANE_B shadow executor / 모바일·데스크톱 2 posture 관측 후 규칙 판정,2026-08-26,SHADOW_PREPARATORY,d5f1da5652953542d5c8be377026cc3293f2075a,LANE_B,True,False,False,False,True
svc_95e22b9aff7196b3,NS홈쇼핑,RETAIL,SERVICE_BRAND,wtg_95e22b9aff7196b3,[MOBILE UA] https://www.nsmall.com/ → HTTP 200 · 페이지 제목 'NS홈쇼핑 - 건강한 아이디어' · 등록도메인(PSL) nsmall.com · viewport meta 있음,ns_homeshopping,ELIGIBLE_WEB,https://www.nsmall.com/,HIGH,HIGH,nsmall.com,0.0,2,www.nsmall.com/,E-2,[MOBILE UA] https://www.nsmall.com/ → HTTP 200 · 페이지 제목 'NS홈쇼핑 - 건강한 아이디어' · 등록도메인(PSL) nsmall.com · viewport meta 있음,,False,LANE_B shadow executor / 모바일·데스크톱 2 posture 관측 후 규칙 판정,2026-08-26,SHADOW_PREPARATORY,d5f1da5652953542d5c8be377026cc3293f2075a,LANE_B,True,False,False,False,True
svc_8d71ef6dc3fca6b0,파리바게뜨/파리크라상,RETAIL,SERVICE_BRAND,wtg_8d71ef6dc3fca6b0,"slash pair entity 의 후보 랜딩이 ['m.pariscroissant.co.kr/product/list.html', 'spc.co.kr/relocation', 'www.paris.co.kr/'] 로 갈린다. 두 브랜드 중 어느 쪽을 이 measurement entity 의 랜딩이라 할 근거가 없다. 확정하지 않는다.",paris_baguette_pariscroissant,UNDETERMINED_URL_EVIDENCE,,LOW,LOW,,,4,"m.pariscroissant.co.kr/product/list.html,spc.co.kr/relocation,www.paris.co.kr/",E-5,"slash pair entity 의 후보 랜딩이 ['m.pariscroissant.co.kr/product/list.html', 'spc.co.kr/relocation', 'www.paris.co.kr/'] 로 갈린다. 두 브랜드 중 어느 쪽을 이 measurement entity 의 랜딩이라 할 근거가 없다. 확정하지 않는다.","CANDIDATE_REGISTERED_DOMAIN_CONFLICT,SOURCE_LABEL_IS_SLASH_PAIR,STATUS_UNDETERMINED_URL_EVIDENCE",True,LANE_B shadow executor / 모바일·데스크톱 2 posture 관측 후 규칙 판정,2026-08-26,SHADOW_PREPARATORY,d5f1da5652953542d5c8be377026cc3293f2075a,LANE_B,True,False,False,False,True
svc_8195b68ac17e42a3,세븐일레븐,RETAIL,SERVICE_BRAND,wtg_8195b68ac17e42a3,[MOBILE UA] https://www.7-eleven.co.kr/ → HTTP 200 · 최종 URL https://m.7-eleven.co.kr · 리다이렉트 1회 · 페이지 제목 '세븐일레븐.' · 등록도메인(PSL) 7-eleven.co.kr · viewport meta 있음 · 앱스토어 신호 'play.google.com/store/apps',seven_eleven,ELIGIBLE_WEB,https://m.7-eleven.co.kr,HIGH,HIGH,7-eleven.co.kr,1.0,2,"m.7-eleven.co.kr/,www.lotte.co.kr/business/compDetail.do",E-2,[MOBILE UA] https://www.7-eleven.co.kr/ → HTTP 200 · 최종 URL https://m.7-eleven.co.kr · 리다이렉트 1회 · 페이지 제목 '세븐일레븐.' · 등록도메인(PSL) 7-eleven.co.kr · viewport meta 있음 · 앱스토어 신호 'play.google.com/store/apps',"CANDIDATE_REGISTERED_DOMAIN_CONFLICT,MOBILE_DESKTOP_FINAL_URL_DIVERGE",True,LANE_B shadow executor / 모바일·데스크톱 2 posture 관측 후 규칙 판정,2026-08-26,SHADOW_PREPARATORY,d5f1da5652953542d5c8be377026cc3293f2075a,LANE_B,True,False,False,False,True
svc_fdce1294fac3dfdb,신세계백화점,RETAIL,SERVICE_BRAND,wtg_fdce1294fac3dfdb,[MOBILE UA] https://www.shinsegae.com/index.do → HTTP 200 · 페이지 제목 '신세계백화점' · 등록도메인(PSL) shinsegae.com · viewport meta 있음,shinsegae_department_store,ELIGIBLE_WEB,https://www.shinsegae.com/index.do,HIGH,HIGH,shinsegae.com,0.0,3,"m-shinsegaemall.ssg.com/,www.shinsegae.com/index.do,www.shinsegae.com/store/main.do",E-2,[MOBILE UA] https://www.shinsegae.com/index.do → HTTP 200 · 페이지 제목 '신세계백화점' · 등록도메인(PSL) shinsegae.com · viewport meta 있음,CANDIDATE_REGISTERED_DOMAIN_CONFLICT,True,LANE_B shadow executor / 모바일·데스크톱 2 posture 관측 후 규칙 판정,2026-08-26,SHADOW_PREPARATORY,d5f1da5652953542d5c8be377026cc3293f2075a,LANE_B,True,False,False,False,True
svc_0f3bdb2bd0bb891e,탑마트,RETAIL,SERVICE_BRAND,wtg_0f3bdb2bd0bb891e,[MOBILE UA] https://www.seowon.com/ → HTTP 200 · 페이지 제목 '서원유통' · 등록도메인(PSL) seowon.com · viewport meta 있음,top_mart,ELIGIBLE_WEB,https://www.seowon.com/,HIGH,HIGH,seowon.com,0.0,2,"www.seowon.com/,www.seowon.com/shopping/storeList",E-2,[MOBILE UA] https://www.seowon.com/ → HTTP 200 · 페이지 제목 '서원유통' · 등록도메인(PSL) seowon.com · viewport meta 있음,,False,LANE_B shadow executor / 모바일·데스크톱 2 posture 관측 후 규칙 판정,2026-08-26,SHADOW_PREPARATORY,d5f1da5652953542d5c8be377026cc3293f2075a,LANE_B,True,False,False,False,True
