panel_id,service_id,domain,axis_type,rank,N_p,norm_rank,rank_pct
fig01_t1,svc_699a5e2f3f410152,APP,SERVICE_BRAND,1,15,0.0,0.06666666666666667
fig01_t1,svc_24e6654bfd1ab85b,APP,SERVICE_BRAND,2,15,0.07142857142857142,0.13333333333333333
fig01_t1,svc_bbdefa2950f49882,APP,SERVICE_BRAND,3,15,0.14285714285714285,0.2
fig01_t1,svc_8349e143ed01f677,APP,SERVICE_BRAND,4,15,0.21428571428571427,0.26666666666666666
fig01_t1,svc_9390ef32addf32bf,APP,SERVICE_BRAND,5,15,0.2857142857142857,0.3333333333333333
fig01_t1,svc_ff3ee504792f6cfc,APP,SERVICE_BRAND,6,15,0.35714285714285715,0.4
fig01_t1,svc_79cd0e07c1eac5dc,APP,SERVICE_BRAND,7,15,0.42857142857142855,0.4666666666666667
fig01_t1,svc_ad44f9ade6b9b551,APP,SERVICE_BRAND,8,15,0.5,0.5333333333333333
fig01_t1,svc_efda6e0b8457d63c,APP,SERVICE_BRAND,9,15,0.5714285714285714,0.6
fig01_t1,svc_65f15ce8fee25b24,APP,SERVICE_BRAND,10,15,0.6428571428571429,0.6666666666666666
fig01_t1,svc_dd5061eb74e2d4d4,APP,SERVICE_BRAND,11,15,0.7142857142857143,0.7333333333333333
fig01_t1,svc_46e5a43370f75308,APP,SERVICE_BRAND,12,15,0.7857142857142857,0.8
fig01_t1,svc_2cd43b99c1ed87cf,APP,SERVICE_BRAND,13,15,0.8571428571428571,0.8666666666666667
fig01_t1,svc_ed7b9bea21def8f8,APP,SERVICE_BRAND,14,15,0.9285714285714286,0.9333333333333333
fig01_t1,svc_35319a420294ee17,APP,SERVICE_BRAND,15,15,1.0,1.0
fig01_t2,svc_24e6654bfd1ab85b,APP,SERVICE_BRAND,1,15,0.0,0.06666666666666667
fig01_t2,svc_699a5e2f3f410152,APP,SERVICE_BRAND,2,15,0.07142857142857142,0.13333333333333333
fig01_t2,svc_8349e143ed01f677,APP,SERVICE_BRAND,3,15,0.14285714285714285,0.2
fig01_t2,svc_ddb7aefefe0273b4,APP,SERVICE_BRAND,4,15,0.21428571428571427,0.26666666666666666
fig01_t2,svc_e1fadb214cde51c0,APP,SERVICE_BRAND,5,15,0.2857142857142857,0.3333333333333333
fig01_t2,svc_ff3ee504792f6cfc,APP,SERVICE_BRAND,6,15,0.35714285714285715,0.4
fig01_t2,svc_9390ef32addf32bf,APP,SERVICE_BRAND,7,15,0.42857142857142855,0.4666666666666667
fig01_t2,svc_5ede56738376a8c5,APP,SERVICE_BRAND,8,15,0.5,0.5333333333333333
fig01_t2,svc_60d4d22e3809f780,APP,SERVICE_BRAND,9,15,0.5714285714285714,0.6
fig01_t2,svc_79cd0e07c1eac5dc,APP,SERVICE_BRAND,10,15,0.6428571428571429,0.6666666666666666
fig01_t2,svc_5beeafeac2e27eae,APP,SERVICE_BRAND,11,15,0.7142857142857143,0.7333333333333333
fig01_t2,svc_13ed070478ef62c3,APP,SERVICE_BRAND,12,15,0.7857142857142857,0.8
fig01_t2,svc_46e5a43370f75308,APP,SERVICE_BRAND,13,15,0.8571428571428571,0.8666666666666667
fig01_t2,svc_a215c45b2cc585ca,APP,SERVICE_BRAND,14,15,0.9285714285714286,0.9333333333333333
fig01_t2,svc_35319a420294ee17,APP,SERVICE_BRAND,15,15,1.0,1.0
fig02_t1,svc_91b952863c62993d,APP,SERVICE_BRAND,1,15,0.0,0.06666666666666667
fig02_t1,svc_fb3d1841dddfd982,APP,SERVICE_BRAND,2,15,0.07142857142857142,0.13333333333333333
fig02_t1,svc_60d4d22e3809f780,APP,SERVICE_BRAND,3,15,0.14285714285714285,0.2
fig02_t1,svc_e1fadb214cde51c0,APP,SERVICE_BRAND,4,15,0.21428571428571427,0.26666666666666666
fig02_t1,svc_190b4501e4415d5e,APP,SERVICE_BRAND,5,15,0.2857142857142857,0.3333333333333333
fig02_t1,svc_65f15ce8fee25b24,APP,SERVICE_BRAND,6,15,0.35714285714285715,0.4
fig02_t1,svc_d5ae5426eac23877,APP,SERVICE_BRAND,7,15,0.42857142857142855,0.4666666666666667
fig02_t1,svc_ff3ee504792f6cfc,APP,SERVICE_BRAND,8,15,0.5,0.5333333333333333
fig02_t1,svc_088809bf9b31bc6a,APP,SERVICE_BRAND,9,15,0.5714285714285714,0.6
fig02_t1,svc_ad44f9ade6b9b551,APP,SERVICE_BRAND,10,15,0.6428571428571429,0.6666666666666666
fig02_t1,svc_b728911c9782edb8,APP,SERVICE_BRAND,11,15,0.7142857142857143,0.7333333333333333
fig02_t1,svc_8fd5d30f8b1d707b,APP,SERVICE_BRAND,12,15,0.7857142857142857,0.8
fig02_t1,svc_95967b50683649f2,APP,SERVICE_BRAND,13,15,0.8571428571428571,0.8666666666666667
fig02_t1,svc_64d30ef262d8782d,APP,SERVICE_BRAND,14,15,0.9285714285714286,0.9333333333333333
fig02_t1,svc_e296af221a5f7128,APP,SERVICE_BRAND,15,15,1.0,1.0
fig03_t1,svc_d5ae5426eac23877,APP,SERVICE_BRAND,1,10,0.0,0.1
fig03_t1,svc_112f591a0d47a8d8,APP,SERVICE_BRAND,2,10,0.1111111111111111,0.2
fig03_t1,svc_b8b226f9fe32539a,APP,SERVICE_BRAND,3,10,0.2222222222222222,0.3
fig03_t1,svc_49a5eca8b58f7270,APP,SERVICE_BRAND,4,10,0.3333333333333333,0.4
fig03_t1,svc_bbdefa2950f49882,APP,SERVICE_BRAND,5,10,0.4444444444444444,0.5
fig03_t1,svc_f322b894ee95c181,APP,SERVICE_BRAND,6,10,0.5555555555555556,0.6
fig03_t1,svc_46e5a43370f75308,APP,SERVICE_BRAND,7,10,0.6666666666666666,0.7
fig03_t1,svc_fcf244c9ad878906,APP,SERVICE_BRAND,8,10,0.7777777777777778,0.8
fig03_t1,svc_e1fadb214cde51c0,APP,SERVICE_BRAND,9,10,0.8888888888888888,0.9
fig03_t1,svc_cdce1ffd6b1b1e24,APP,SERVICE_BRAND,10,10,1.0,1.0
fig04_t1,svc_fb3d1841dddfd982,APP,SERVICE_BRAND,1,5,0.0,0.2
fig04_t1,svc_d5ae5426eac23877,APP,SERVICE_BRAND,2,5,0.25,0.4
fig04_t1,svc_088809bf9b31bc6a,APP,SERVICE_BRAND,3,5,0.5,0.6
fig04_t1,svc_b728911c9782edb8,APP,SERVICE_BRAND,4,5,0.75,0.8
fig04_t1,svc_8fd5d30f8b1d707b,APP,SERVICE_BRAND,5,5,1.0,1.0
fig04_t2,svc_d5ae5426eac23877,APP,SERVICE_BRAND,1,5,0.0,0.2
fig04_t2,svc_fb3d1841dddfd982,APP,SERVICE_BRAND,2,5,0.25,0.4
fig04_t2,svc_8fd5d30f8b1d707b,APP,SERVICE_BRAND,3,5,0.5,0.6
fig04_t2,svc_b728911c9782edb8,APP,SERVICE_BRAND,4,5,0.75,0.8
fig04_t2,svc_088809bf9b31bc6a,APP,SERVICE_BRAND,5,5,1.0,1.0
fig05_t1,svc_112f591a0d47a8d8,APP,SERVICE_BRAND,1,3,0.0,0.3333333333333333
fig05_t1,svc_49a5eca8b58f7270,APP,SERVICE_BRAND,2,3,0.5,0.6666666666666666
fig05_t1,svc_46e5a43370f75308,APP,SERVICE_BRAND,3,3,1.0,1.0
fig05_t2,svc_46e5a43370f75308,APP,SERVICE_BRAND,1,3,0.0,0.3333333333333333
fig05_t2,svc_112f591a0d47a8d8,APP,SERVICE_BRAND,2,3,0.5,0.6666666666666666
fig05_t2,svc_49a5eca8b58f7270,APP,SERVICE_BRAND,3,3,1.0,1.0
fig06_t1,svc_e22ebedb0e6c205f,RETAIL,SERVICE_BRAND,1,15,0.0,0.06666666666666667
fig06_t1,svc_7ce399cd76c70efa,RETAIL,SERVICE_BRAND,2,15,0.07142857142857142,0.13333333333333333
fig06_t1,svc_517b8047eb5be716,RETAIL,SERVICE_BRAND,3,15,0.14285714285714285,0.2
fig06_t1,svc_7f6f1aa6dd218d4d,RETAIL,SERVICE_BRAND,4,15,0.21428571428571427,0.26666666666666666
fig06_t1,svc_dd2cec4c1fa2beec,RETAIL,SERVICE_BRAND,5,15,0.2857142857142857,0.3333333333333333
fig06_t1,svc_22ffba7a86ea9919,RETAIL,SERVICE_BRAND,6,15,0.35714285714285715,0.4
fig06_t1,svc_12e3942c0495b9a4,RETAIL,SERVICE_BRAND,7,15,0.42857142857142855,0.4666666666666667
fig06_t1,svc_e67be79550661604,RETAIL,SERVICE_BRAND,8,15,0.5,0.5333333333333333
fig06_t1,svc_fdce1294fac3dfdb,RETAIL,SERVICE_BRAND,9,15,0.5714285714285714,0.6
fig06_t1,svc_e4a6c04cbf9d9421,RETAIL,SERVICE_BRAND,10,15,0.6428571428571429,0.6666666666666666
fig06_t1,svc_ccb9754c97fa7341,RETAIL,SERVICE_BRAND,11,15,0.7142857142857143,0.7333333333333333
fig06_t1,svc_0ee385d0c964e560,RETAIL,SERVICE_BRAND,12,15,0.7857142857142857,0.8
fig06_t1,svc_c5285b96b598a08b,RETAIL,SERVICE_BRAND,13,15,0.8571428571428571,0.8666666666666667
fig06_t1,svc_88cb7f1e54f26500,RETAIL,SERVICE_BRAND,14,15,0.9285714285714286,0.9333333333333333
fig06_t1,svc_9b353f64ce509d5a,RETAIL,SERVICE_BRAND,15,15,1.0,1.0
fig06_t2,svc_e22ebedb0e6c205f,RETAIL,SERVICE_BRAND,1,15,0.0,0.06666666666666667
fig06_t2,svc_12e3942c0495b9a4,RETAIL,SERVICE_BRAND,2,15,0.07142857142857142,0.13333333333333333
fig06_t2,svc_e67be79550661604,RETAIL,SERVICE_BRAND,3,15,0.14285714285714285,0.2
fig06_t2,svc_8195b68ac17e42a3,RETAIL,SERVICE_BRAND,4,15,0.21428571428571427,0.26666666666666666
fig06_t2,svc_517b8047eb5be716,RETAIL,SERVICE_BRAND,5,15,0.2857142857142857,0.3333333333333333
fig06_t2,svc_377983572bd38242,RETAIL,SERVICE_BRAND,6,15,0.35714285714285715,0.4
fig06_t2,svc_7ce399cd76c70efa,RETAIL,SERVICE_BRAND,7,15,0.42857142857142855,0.4666666666666667
fig06_t2,svc_be1e6feb78e5ef03,RETAIL,SERVICE_BRAND,8,15,0.5,0.5333333333333333
fig06_t2,svc_ccd84811932b237b,RETAIL,SERVICE_BRAND,9,15,0.5714285714285714,0.6
fig06_t2,svc_7f6f1aa6dd218d4d,RETAIL,SERVICE_BRAND,10,15,0.6428571428571429,0.6666666666666666
fig06_t2,svc_8d71ef6dc3fca6b0,RETAIL,SERVICE_BRAND,11,15,0.7142857142857143,0.7333333333333333
fig06_t2,svc_ea031f85e857140e,RETAIL,SERVICE_BRAND,12,15,0.7857142857142857,0.8
fig06_t2,svc_c5285b96b598a08b,RETAIL,SERVICE_BRAND,13,15,0.8571428571428571,0.8666666666666667
fig06_t2,svc_054d78ed187cdd9f,RETAIL,SERVICE_BRAND,14,15,0.9285714285714286,0.9333333333333333
fig06_t2,svc_51484a735cdb487b,RETAIL,SERVICE_BRAND,15,15,1.0,1.0
fig07_t1,svc_bc65e77baaea207c,RETAIL,INDUSTRY_CATEGORY,1,10,0.0,0.1
fig07_t1,svc_b6a2bad4a8d88e77,RETAIL,INDUSTRY_CATEGORY,2,10,0.1111111111111111,0.2
fig07_t1,svc_903a71c3a24e4116,RETAIL,INDUSTRY_CATEGORY,3,10,0.2222222222222222,0.3
fig07_t1,svc_77c78a1555cf28ae,RETAIL,INDUSTRY_CATEGORY,4,10,0.3333333333333333,0.4
fig07_t1,svc_a6b8f11674c80b5f,RETAIL,INDUSTRY_CATEGORY,5,10,0.4444444444444444,0.5
fig07_t1,svc_2af5cef408b64669,RETAIL,INDUSTRY_CATEGORY,6,10,0.5555555555555556,0.6
fig07_t1,svc_7e16a52529c5b629,RETAIL,INDUSTRY_CATEGORY,7,10,0.6666666666666666,0.7
fig07_t1,svc_c23db7aed7ecd624,RETAIL,INDUSTRY_CATEGORY,8,10,0.7777777777777778,0.8
fig07_t1,svc_92e05e8212e443a2,RETAIL,INDUSTRY_CATEGORY,9,10,0.8888888888888888,0.9
fig07_t1,svc_412589798229c678,RETAIL,INDUSTRY_CATEGORY,10,10,1.0,1.0
fig08_t1,svc_95e22b9aff7196b3,RETAIL,SERVICE_BRAND,1,10,0.0,0.1
fig08_t1,svc_5c614fc99631ce5e,RETAIL,SERVICE_BRAND,2,10,0.1111111111111111,0.2
fig08_t1,svc_353f07b932464b82,RETAIL,SERVICE_BRAND,3,10,0.2222222222222222,0.3
fig08_t1,svc_4feab7e61bf642e8,RETAIL,SERVICE_BRAND,4,10,0.3333333333333333,0.4
fig08_t1,svc_e268b0ad5a2d6ece,RETAIL,SERVICE_BRAND,5,10,0.4444444444444444,0.5
fig08_t1,svc_888d37f34b5d3aaa,RETAIL,SERVICE_BRAND,6,10,0.5555555555555556,0.6
fig08_t1,svc_0f3bdb2bd0bb891e,RETAIL,SERVICE_BRAND,7,10,0.6666666666666666,0.7
fig08_t1,svc_517b8047eb5be716,RETAIL,SERVICE_BRAND,8,10,0.7777777777777778,0.8
fig08_t1,svc_ef06dc942ef3ccc9,RETAIL,SERVICE_BRAND,9,10,0.8888888888888888,0.9
fig08_t1,svc_7594fc1d91ec9188,RETAIL,SERVICE_BRAND,10,10,1.0,1.0
fig09_t1,svc_22ffba7a86ea9919,RETAIL,SERVICE_BRAND,1,5,0.0,0.2
fig09_t1,svc_377983572bd38242,RETAIL,SERVICE_BRAND,2,5,0.25,0.4
fig09_t1,svc_e7bb158c1c8d9fe7,RETAIL,SERVICE_BRAND,3,5,0.5,0.6
fig09_t1,svc_fdce1294fac3dfdb,RETAIL,SERVICE_BRAND,4,5,0.75,0.8
fig09_t1,svc_e22ebedb0e6c205f,RETAIL,SERVICE_BRAND,5,5,1.0,1.0
fig10_t1,svc_95e22b9aff7196b3,RETAIL,SERVICE_BRAND,1,5,0.0,0.2
fig10_t1,svc_5c614fc99631ce5e,RETAIL,SERVICE_BRAND,2,5,0.25,0.4
fig10_t1,svc_353f07b932464b82,RETAIL,SERVICE_BRAND,3,5,0.5,0.6
fig10_t1,svc_4feab7e61bf642e8,RETAIL,SERVICE_BRAND,4,5,0.75,0.8
fig10_t1,svc_e268b0ad5a2d6ece,RETAIL,SERVICE_BRAND,5,5,1.0,1.0
fig10_t2,svc_4feab7e61bf642e8,RETAIL,SERVICE_BRAND,1,5,0.0,0.2
fig10_t2,svc_353f07b932464b82,RETAIL,SERVICE_BRAND,2,5,0.25,0.4
fig10_t2,svc_e268b0ad5a2d6ece,RETAIL,SERVICE_BRAND,3,5,0.5,0.6
fig10_t2,svc_5c614fc99631ce5e,RETAIL,SERVICE_BRAND,4,5,0.75,0.8
fig10_t2,svc_95e22b9aff7196b3,RETAIL,SERVICE_BRAND,5,5,1.0,1.0
fig11_t1,svc_0f3bdb2bd0bb891e,RETAIL,SERVICE_BRAND,1,3,0.0,0.3333333333333333
fig11_t1,svc_517b8047eb5be716,RETAIL,SERVICE_BRAND,2,3,0.5,0.6666666666666666
fig11_t1,svc_22ffba7a86ea9919,RETAIL,SERVICE_BRAND,3,3,1.0,1.0
fig11_t2,svc_22ffba7a86ea9919,RETAIL,SERVICE_BRAND,1,3,0.0,0.3333333333333333
fig11_t2,svc_517b8047eb5be716,RETAIL,SERVICE_BRAND,2,3,0.5,0.6666666666666666
fig11_t2,svc_0f3bdb2bd0bb891e,RETAIL,SERVICE_BRAND,3,3,1.0,1.0
