source_row_id,panel_id,figure_id,domain,table_title,panel_label,rank,entity_name_raw,metric_name,unit,value,value_label
row_5482f6ebc64467f1,fig01_t1,fig01,APP,액티브시니어+ 세대 앱 사용자 및 사용시간 평균* TOP15 — 사용자 평균 TOP15,TOP15,1,카카오톡,사용자 평균,만 명,1377.0,"1,377"
row_e61915369d879c51,fig01_t1,fig01,APP,액티브시니어+ 세대 앱 사용자 및 사용시간 평균* TOP15 — 사용자 평균 TOP15,TOP15,2,YouTube,사용자 평균,만 명,1329.0,"1,329"
row_27d3a9d3c839ea2d,fig01_t1,fig01,APP,액티브시니어+ 세대 앱 사용자 및 사용시간 평균* TOP15 — 사용자 평균 TOP15,TOP15,3,Google,사용자 평균,만 명,1278.0,"1,278"
row_960e9151c44a35c8,fig01_t1,fig01,APP,액티브시니어+ 세대 앱 사용자 및 사용시간 평균* TOP15 — 사용자 평균 TOP15,TOP15,4,네이버,사용자 평균,만 명,1256.0,"1,256"
row_d2c93e4f96ca6637,fig01_t1,fig01,APP,액티브시니어+ 세대 앱 사용자 및 사용시간 평균* TOP15 — 사용자 평균 TOP15,TOP15,5,Chrome,사용자 평균,만 명,1143.0,"1,143"
row_853f04bc81ceada5,fig01_t1,fig01,APP,액티브시니어+ 세대 앱 사용자 및 사용시간 평균* TOP15 — 사용자 평균 TOP15,TOP15,6,삼성 인터넷 브라우저,사용자 평균,만 명,935.0,935
row_1f073e328d57f451,fig01_t1,fig01,APP,액티브시니어+ 세대 앱 사용자 및 사용시간 평균* TOP15 — 사용자 평균 TOP15,TOP15,7,쿠팡,사용자 평균,만 명,933.0,933
row_95d937ea4f85a2e6,fig01_t1,fig01,APP,액티브시니어+ 세대 앱 사용자 및 사용시간 평균* TOP15 — 사용자 평균 TOP15,TOP15,8,삼성 계산기,사용자 평균,만 명,818.0,818
row_e106bd4b2ffde5a5,fig01_t1,fig01,APP,액티브시니어+ 세대 앱 사용자 및 사용시간 평균* TOP15 — 사용자 평균 TOP15,TOP15,9,네이버지도,사용자 평균,만 명,775.0,775
row_64318f67f79e65de,fig01_t1,fig01,APP,액티브시니어+ 세대 앱 사용자 및 사용시간 평균* TOP15 — 사용자 평균 TOP15,TOP15,10,밴드,사용자 평균,만 명,626.0,626
row_da6a0e4dcac8eaf9,fig01_t1,fig01,APP,액티브시니어+ 세대 앱 사용자 및 사용시간 평균* TOP15 — 사용자 평균 TOP15,TOP15,11,삼성 월렛,사용자 평균,만 명,595.0,595
row_1c14860e168facbe,fig01_t1,fig01,APP,액티브시니어+ 세대 앱 사용자 및 사용시간 평균* TOP15 — 사용자 평균 TOP15,TOP15,12,당근,사용자 평균,만 명,575.0,575
row_43c2d06e0b63b571,fig01_t1,fig01,APP,액티브시니어+ 세대 앱 사용자 및 사용시간 평균* TOP15 — 사용자 평균 TOP15,TOP15,13,삼성 노트,사용자 평균,만 명,557.0,557
row_1e58e18c428a0f24,fig01_t1,fig01,APP,액티브시니어+ 세대 앱 사용자 및 사용시간 평균* TOP15 — 사용자 평균 TOP15,TOP15,14,내 파일,사용자 평균,만 명,548.0,548
row_20a7ef1ba865c1aa,fig01_t1,fig01,APP,액티브시니어+ 세대 앱 사용자 및 사용시간 평균* TOP15 — 사용자 평균 TOP15,TOP15,15,토스,사용자 평균,만 명,489.0,489
row_3a56ffe21f521e48,fig01_t2,fig01,APP,액티브시니어+ 세대 앱 사용자 및 사용시간 평균* TOP15 — 사용시간 평균 TOP15,TOP15,1,YouTube,사용시간 평균,백만 분,33272.0,"33,272"
row_d779788e7d496bff,fig01_t2,fig01,APP,액티브시니어+ 세대 앱 사용자 및 사용시간 평균* TOP15 — 사용시간 평균 TOP15,TOP15,2,카카오톡,사용시간 평균,백만 분,8652.0,"8,652"
row_9cdb8e85f7e4fa87,fig01_t2,fig01,APP,액티브시니어+ 세대 앱 사용자 및 사용시간 평균* TOP15 — 사용시간 평균 TOP15,TOP15,3,네이버,사용시간 평균,백만 분,5684.0,"5,684"
row_7916e135743cd3bf,fig01_t2,fig01,APP,액티브시니어+ 세대 앱 사용자 및 사용시간 평균* TOP15 — 사용시간 평균 TOP15,TOP15,4,TikTok Lite,사용시간 평균,백만 분,3092.0,"3,092"
row_52fdcd3859195cb1,fig01_t2,fig01,APP,액티브시니어+ 세대 앱 사용자 및 사용시간 평균* TOP15 — 사용시간 평균 TOP15,TOP15,5,캐시워크,사용시간 평균,백만 분,2350.0,"2,350"
row_2df0b09096dc8889,fig01_t2,fig01,APP,액티브시니어+ 세대 앱 사용자 및 사용시간 평균* TOP15 — 사용시간 평균 TOP15,TOP15,6,삼성 인터넷 브라우저,사용시간 평균,백만 분,2282.0,"2,282"
row_214c7f05bc123d35,fig01_t2,fig01,APP,액티브시니어+ 세대 앱 사용자 및 사용시간 평균* TOP15 — 사용시간 평균 TOP15,TOP15,7,Chrome,사용시간 평균,백만 분,2277.0,"2,277"
row_dc4e43e1a4b1f3f4,fig01_t2,fig01,APP,액티브시니어+ 세대 앱 사용자 및 사용시간 평균* TOP15 — 사용시간 평균 TOP15,TOP15,8,Instagram,사용시간 평균,백만 분,1655.0,"1,655"
row_e2033172022bf413,fig01_t2,fig01,APP,액티브시니어+ 세대 앱 사용자 및 사용시간 평균* TOP15 — 사용시간 평균 TOP15,TOP15,9,티맵,사용시간 평균,백만 분,1620.0,"1,620"
row_1862393e20c9aa1f,fig01_t2,fig01,APP,액티브시니어+ 세대 앱 사용자 및 사용시간 평균* TOP15 — 사용시간 평균 TOP15,TOP15,10,쿠팡,사용시간 평균,백만 분,1614.0,"1,614"
row_04b0e4614acae486,fig01_t2,fig01,APP,액티브시니어+ 세대 앱 사용자 및 사용시간 평균* TOP15 — 사용시간 평균 TOP15,TOP15,11,TikTok,사용시간 평균,백만 분,1439.0,"1,439"
row_c7b7797c3d64a0d2,fig01_t2,fig01,APP,액티브시니어+ 세대 앱 사용자 및 사용시간 평균* TOP15 — 사용시간 평균 TOP15,TOP15,12,Netflix,사용시간 평균,백만 분,1390.0,"1,390"
row_ce1c76c2fc7e6737,fig01_t2,fig01,APP,액티브시니어+ 세대 앱 사용자 및 사용시간 평균* TOP15 — 사용시간 평균 TOP15,TOP15,13,당근,사용시간 평균,백만 분,1371.0,"1,371"
row_3b64d6c8db3c8071,fig01_t2,fig01,APP,액티브시니어+ 세대 앱 사용자 및 사용시간 평균* TOP15 — 사용시간 평균 TOP15,TOP15,14,에이닷 전화,사용시간 평균,백만 분,1262.0,"1,262"
row_47f42f025dafc0f7,fig01_t2,fig01,APP,액티브시니어+ 세대 앱 사용자 및 사용시간 평균* TOP15 — 사용시간 평균 TOP15,TOP15,15,토스,사용시간 평균,백만 분,1228.0,"1,228"
row_67aba21f126a8013,fig02_t1,fig02,APP,액티브시니어+ 세대 앱 사용자 점유율* 순위 TOP15,TOP15,1,다음,점유율 - 50대,%,31.5,31.5
row_8f666ce43abaac81,fig02_t1,fig02,APP,액티브시니어+ 세대 앱 사용자 점유율* 순위 TOP15,TOP15,1,다음,점유율 - 60대 이상,%,22.6,22.6
row_629ada201d456840,fig02_t1,fig02,APP,액티브시니어+ 세대 앱 사용자 점유율* 순위 TOP15,TOP15,1,다음,점유율 합계,%,54.1,54.1%
row_b42814c91c24d616,fig02_t1,fig02,APP,액티브시니어+ 세대 앱 사용자 점유율* 순위 TOP15,TOP15,1,다음,사용자,만 명,318.0,318만 명
row_c1e9370805244aa5,fig02_t1,fig02,APP,액티브시니어+ 세대 앱 사용자 점유율* 순위 TOP15,TOP15,2,NH콕뱅크,점유율 - 50대,%,22.4,22.4
row_9beb27bba2d20d28,fig02_t1,fig02,APP,액티브시니어+ 세대 앱 사용자 점유율* 순위 TOP15,TOP15,2,NH콕뱅크,점유율 - 60대 이상,%,20.1,20.1
row_697fe20b638f5c0f,fig02_t1,fig02,APP,액티브시니어+ 세대 앱 사용자 점유율* 순위 TOP15,TOP15,2,NH콕뱅크,점유율 합계,%,42.5,42.5%
row_7b59170491e01222,fig02_t1,fig02,APP,액티브시니어+ 세대 앱 사용자 점유율* 순위 TOP15,TOP15,2,NH콕뱅크,사용자,만 명,236.0,236만 명
row_ff4f76b067c53d0f,fig02_t1,fig02,APP,액티브시니어+ 세대 앱 사용자 점유율* 순위 TOP15,TOP15,3,티맵,점유율 - 50대,%,28.2,28.2
row_8f2bc08d78df6028,fig02_t1,fig02,APP,액티브시니어+ 세대 앱 사용자 점유율* 순위 TOP15,TOP15,3,티맵,점유율 - 60대 이상,%,12.6,12.6
row_6dede7426b6c6f3f,fig02_t1,fig02,APP,액티브시니어+ 세대 앱 사용자 점유율* 순위 TOP15,TOP15,3,티맵,점유율 합계,%,40.8,40.8%
row_d332d92af87bde4a,fig02_t1,fig02,APP,액티브시니어+ 세대 앱 사용자 점유율* 순위 TOP15,TOP15,3,티맵,사용자,만 명,479.0,479만 명
row_5777cab74be2eab4,fig02_t1,fig02,APP,액티브시니어+ 세대 앱 사용자 점유율* 순위 TOP15,TOP15,4,캐시워크,점유율 - 50대,%,21.4,21.4
row_376d183a554304f8,fig02_t1,fig02,APP,액티브시니어+ 세대 앱 사용자 점유율* 순위 TOP15,TOP15,4,캐시워크,점유율 - 60대 이상,%,17.2,17.2
row_45758ce4a5baa956,fig02_t1,fig02,APP,액티브시니어+ 세대 앱 사용자 점유율* 순위 TOP15,TOP15,4,캐시워크,점유율 합계,%,38.6,38.6%
row_d7aa35ed55f15b8c,fig02_t1,fig02,APP,액티브시니어+ 세대 앱 사용자 점유율* 순위 TOP15,TOP15,4,캐시워크,사용자,만 명,217.0,217만 명
row_f4510df303834f70,fig02_t1,fig02,APP,액티브시니어+ 세대 앱 사용자 점유율* 순위 TOP15,TOP15,5,V3 Mobile Plus,점유율 - 50대,%,24.8,24.8
row_eae568ec293c0b41,fig02_t1,fig02,APP,액티브시니어+ 세대 앱 사용자 점유율* 순위 TOP15,TOP15,5,V3 Mobile Plus,점유율 - 60대 이상,%,12.9,12.9
row_fc36d1643d54067c,fig02_t1,fig02,APP,액티브시니어+ 세대 앱 사용자 점유율* 순위 TOP15,TOP15,5,V3 Mobile Plus,점유율 합계,%,37.7,37.7%
row_b1cf8888a37f817a,fig02_t1,fig02,APP,액티브시니어+ 세대 앱 사용자 점유율* 순위 TOP15,TOP15,5,V3 Mobile Plus,사용자,만 명,379.0,379만 명
row_107efc78f0771924,fig02_t1,fig02,APP,액티브시니어+ 세대 앱 사용자 점유율* 순위 TOP15,TOP15,6,밴드,점유율 - 50대,%,24.3,24.3
row_09fa40565d865461,fig02_t1,fig02,APP,액티브시니어+ 세대 앱 사용자 점유율* 순위 TOP15,TOP15,6,밴드,점유율 - 60대 이상,%,13.0,13.0
row_49e939b9d22cae18,fig02_t1,fig02,APP,액티브시니어+ 세대 앱 사용자 점유율* 순위 TOP15,TOP15,6,밴드,점유율 합계,%,37.3,37.3%
row_db5ff7a04cde31db,fig02_t1,fig02,APP,액티브시니어+ 세대 앱 사용자 점유율* 순위 TOP15,TOP15,6,밴드,사용자,만 명,626.0,626만 명
row_46058a28e32e19ab,fig02_t1,fig02,APP,액티브시니어+ 세대 앱 사용자 점유율* 순위 TOP15,TOP15,7,모니모,점유율 - 50대,%,26.7,26.7
row_f750b79006499f72,fig02_t1,fig02,APP,액티브시니어+ 세대 앱 사용자 점유율* 순위 TOP15,TOP15,7,모니모,점유율 - 60대 이상,%,10.4,10.4
row_0abade7a07dc3cea,fig02_t1,fig02,APP,액티브시니어+ 세대 앱 사용자 점유율* 순위 TOP15,TOP15,7,모니모,점유율 합계,%,37.1,37.1%
row_72c450fa2881a2f0,fig02_t1,fig02,APP,액티브시니어+ 세대 앱 사용자 점유율* 순위 TOP15,TOP15,7,모니모,사용자,만 명,248.0,248만 명
row_9c51b58ee978b717,fig02_t1,fig02,APP,액티브시니어+ 세대 앱 사용자 점유율* 순위 TOP15,TOP15,8,삼성 인터넷 브라우저,점유율 - 50대,%,21.0,21.0
row_5006d1ead0b588d9,fig02_t1,fig02,APP,액티브시니어+ 세대 앱 사용자 점유율* 순위 TOP15,TOP15,8,삼성 인터넷 브라우저,점유율 - 60대 이상,%,15.4,15.4
row_cf546f2161e82e4a,fig02_t1,fig02,APP,액티브시니어+ 세대 앱 사용자 점유율* 순위 TOP15,TOP15,8,삼성 인터넷 브라우저,점유율 합계,%,36.4,36.4%
row_96fb0182bebe56c0,fig02_t1,fig02,APP,액티브시니어+ 세대 앱 사용자 점유율* 순위 TOP15,TOP15,8,삼성 인터넷 브라우저,사용자,만 명,935.0,935만 명
row_bcea9c4895785fad,fig02_t1,fig02,APP,액티브시니어+ 세대 앱 사용자 점유율* 순위 TOP15,TOP15,9,삼성카드,점유율 - 50대,%,26.4,26.4
row_d15541a47e64b3ac,fig02_t1,fig02,APP,액티브시니어+ 세대 앱 사용자 점유율* 순위 TOP15,TOP15,9,삼성카드,점유율 - 60대 이상,%,9.4,9.4
row_08921219a6571796,fig02_t1,fig02,APP,액티브시니어+ 세대 앱 사용자 점유율* 순위 TOP15,TOP15,9,삼성카드,점유율 합계,%,35.8,35.8%
row_9bf599b5d5bf45a0,fig02_t1,fig02,APP,액티브시니어+ 세대 앱 사용자 점유율* 순위 TOP15,TOP15,9,삼성카드,사용자,만 명,218.0,218만 명
row_7d9a101a89d5dfbe,fig02_t1,fig02,APP,액티브시니어+ 세대 앱 사용자 점유율* 순위 TOP15,TOP15,10,삼성 계산기,점유율 - 50대,%,21.7,21.7
row_836df87af4661ff4,fig02_t1,fig02,APP,액티브시니어+ 세대 앱 사용자 점유율* 순위 TOP15,TOP15,10,삼성 계산기,점유율 - 60대 이상,%,13.8,13.8
row_5d6ec0cca70729d8,fig02_t1,fig02,APP,액티브시니어+ 세대 앱 사용자 점유율* 순위 TOP15,TOP15,10,삼성 계산기,점유율 합계,%,35.4,35.4%
row_0dd121a1adf33987,fig02_t1,fig02,APP,액티브시니어+ 세대 앱 사용자 점유율* 순위 TOP15,TOP15,10,삼성 계산기,사용자,만 명,818.0,818만 명
row_5ccd093ba5917934,fig02_t1,fig02,APP,액티브시니어+ 세대 앱 사용자 점유율* 순위 TOP15,TOP15,11,현대카드,점유율 - 50대,%,26.4,26.4
row_0688e69e881e03a6,fig02_t1,fig02,APP,액티브시니어+ 세대 앱 사용자 점유율* 순위 TOP15,TOP15,11,현대카드,점유율 - 60대 이상,%,8.6,8.6
row_99943a6e678bcebd,fig02_t1,fig02,APP,액티브시니어+ 세대 앱 사용자 점유율* 순위 TOP15,TOP15,11,현대카드,점유율 합계,%,35.0,35.0%
row_6ff81852356af0d3,fig02_t1,fig02,APP,액티브시니어+ 세대 앱 사용자 점유율* 순위 TOP15,TOP15,11,현대카드,사용자,만 명,213.0,213만 명
row_cf4d9cbe8823f351,fig02_t1,fig02,APP,액티브시니어+ 세대 앱 사용자 점유율* 순위 TOP15,TOP15,12,하나은행,점유율 - 50대,%,23.7,23.7
row_1ec4c90811068185,fig02_t1,fig02,APP,액티브시니어+ 세대 앱 사용자 점유율* 순위 TOP15,TOP15,12,하나은행,점유율 - 60대 이상,%,11.3,11.3
row_d6be8b53ce093390,fig02_t1,fig02,APP,액티브시니어+ 세대 앱 사용자 점유율* 순위 TOP15,TOP15,12,하나은행,점유율 합계,%,35.0,35.0%
row_7da12b17f3779455,fig02_t1,fig02,APP,액티브시니어+ 세대 앱 사용자 점유율* 순위 TOP15,TOP15,12,하나은행,사용자,만 명,206.0,206만 명
row_8d1957a1eb9b88ce,fig02_t1,fig02,APP,액티브시니어+ 세대 앱 사용자 점유율* 순위 TOP15,TOP15,13,NH스마트뱅킹,점유율 - 50대,%,24.4,24.4
row_4fd5cf63fa55f9ae,fig02_t1,fig02,APP,액티브시니어+ 세대 앱 사용자 점유율* 순위 TOP15,TOP15,13,NH스마트뱅킹,점유율 - 60대 이상,%,10.5,10.5
row_58a90dfa68bd57ad,fig02_t1,fig02,APP,액티브시니어+ 세대 앱 사용자 점유율* 순위 TOP15,TOP15,13,NH스마트뱅킹,점유율 합계,%,34.9,34.9%
row_469896548f81f6c1,fig02_t1,fig02,APP,액티브시니어+ 세대 앱 사용자 점유율* 순위 TOP15,TOP15,13,NH스마트뱅킹,사용자,만 명,209.0,209만 명
row_455834153dbc9d00,fig02_t1,fig02,APP,액티브시니어+ 세대 앱 사용자 점유율* 순위 TOP15,TOP15,14,신한 SOL뱅크,점유율 - 50대,%,22.4,22.4
row_d70dbdb06beac274,fig02_t1,fig02,APP,액티브시니어+ 세대 앱 사용자 점유율* 순위 TOP15,TOP15,14,신한 SOL뱅크,점유율 - 60대 이상,%,11.4,11.4
row_f04ec30fbcb56664,fig02_t1,fig02,APP,액티브시니어+ 세대 앱 사용자 점유율* 순위 TOP15,TOP15,14,신한 SOL뱅크,점유율 합계,%,33.8,33.8%
row_7a4c4e33559ff42f,fig02_t1,fig02,APP,액티브시니어+ 세대 앱 사용자 점유율* 순위 TOP15,TOP15,14,신한 SOL뱅크,사용자,만 명,275.0,275만 명
row_3ba54c8dc9d4326f,fig02_t1,fig02,APP,액티브시니어+ 세대 앱 사용자 점유율* 순위 TOP15,TOP15,15,KB스타뱅킹,점유율 - 50대,%,21.9,21.9
row_a082cf21b6b9a8b5,fig02_t1,fig02,APP,액티브시니어+ 세대 앱 사용자 점유율* 순위 TOP15,TOP15,15,KB스타뱅킹,점유율 - 60대 이상,%,11.4,11.4
row_c4985d975aa990fd,fig02_t1,fig02,APP,액티브시니어+ 세대 앱 사용자 점유율* 순위 TOP15,TOP15,15,KB스타뱅킹,점유율 합계,%,33.3,33.3%
row_8ec1405c24a67fad,fig02_t1,fig02,APP,액티브시니어+ 세대 앱 사용자 점유율* 순위 TOP15,TOP15,15,KB스타뱅킹,사용자,만 명,427.0,427만 명
row_6aa08ac245c68f2b,fig03_t1,fig03,APP,액티브시니어 앱 사용자 성장률* 순위 TOP10,TOP10,1,모니모,성장률*,%,59.2,59.2
row_24fdf5c65f704355,fig03_t1,fig03,APP,액티브시니어 앱 사용자 성장률* 순위 TOP10,TOP10,1,모니모,사용자 비율*,%,37.1,37.1%
row_cc99a18fcb72d365,fig03_t1,fig03,APP,액티브시니어 앱 사용자 성장률* 순위 TOP10,TOP10,2,G마켓,성장률*,%,51.4,51.4
row_4a33dc9ae542127f,fig03_t1,fig03,APP,액티브시니어 앱 사용자 성장률* 순위 TOP10,TOP10,2,G마켓,사용자 비율*,%,32.9,32.9%
row_add7b33950a1db40,fig03_t1,fig03,APP,액티브시니어 앱 사용자 성장률* 순위 TOP10,TOP10,3,KB Pay,성장률*,%,26.1,26.1
row_b7aedd4324926c5a,fig03_t1,fig03,APP,액티브시니어 앱 사용자 성장률* 순위 TOP10,TOP10,3,KB Pay,사용자 비율*,%,30.1,30.1%
row_8541f30fad92b80b,fig03_t1,fig03,APP,액티브시니어 앱 사용자 성장률* 순위 TOP10,TOP10,4,11번가,성장률*,%,15.7,15.7
row_ddc356ada2e75846,fig03_t1,fig03,APP,액티브시니어 앱 사용자 성장률* 순위 TOP10,TOP10,4,11번가,사용자 비율*,%,32.1,32.1%
row_509537b90be807ed,fig03_t1,fig03,APP,액티브시니어 앱 사용자 성장률* 순위 TOP10,TOP10,5,Google,성장률*,%,15.1,15.1
row_d7a1268c23265391,fig03_t1,fig03,APP,액티브시니어 앱 사용자 성장률* 순위 TOP10,TOP10,5,Google,사용자 비율*,%,27.7,27.7%
row_cbfc8ef1fefa3c84,fig03_t1,fig03,APP,액티브시니어 앱 사용자 성장률* 순위 TOP10,TOP10,6,카카오맵,성장률*,%,14.9,14.9
row_025e323b2b155171,fig03_t1,fig03,APP,액티브시니어 앱 사용자 성장률* 순위 TOP10,TOP10,6,카카오맵,사용자 비율*,%,29.4,29.4%
row_3cdadae11494bd2f,fig03_t1,fig03,APP,액티브시니어 앱 사용자 성장률* 순위 TOP10,TOP10,7,당근,성장률*,%,14.7,14.7
row_b847323fdc12e5ba,fig03_t1,fig03,APP,액티브시니어 앱 사용자 성장률* 순위 TOP10,TOP10,7,당근,사용자 비율*,%,25.7,25.7%
row_a2b180648c0d85a6,fig03_t1,fig03,APP,액티브시니어 앱 사용자 성장률* 순위 TOP10,TOP10,8,Google 포토,성장률*,%,14.1,14.1
row_7a90c82ac84f76d2,fig03_t1,fig03,APP,액티브시니어 앱 사용자 성장률* 순위 TOP10,TOP10,8,Google 포토,사용자 비율*,%,31.2,31.2%
row_52de1a01ad30d2a7,fig03_t1,fig03,APP,액티브시니어 앱 사용자 성장률* 순위 TOP10,TOP10,9,캐시워크,성장률*,%,12.7,12.7
row_41ef78eeccf85d9b,fig03_t1,fig03,APP,액티브시니어 앱 사용자 성장률* 순위 TOP10,TOP10,9,캐시워크,사용자 비율*,%,38.6,38.6%
row_0290afd2b5263ac1,fig03_t1,fig03,APP,액티브시니어 앱 사용자 성장률* 순위 TOP10,TOP10,10,디바이스 케어,성장률*,%,12.6,12.6
row_ca265e1abbd98957,fig03_t1,fig03,APP,액티브시니어 앱 사용자 성장률* 순위 TOP10,TOP10,10,디바이스 케어,사용자 비율*,%,31.2,31.2%
row_389ab2baebdab0b9,fig04_t1,fig04,APP,액티브시니어+ 세대 앱 사용자 비율*,"주요 금융 앱 5개 (순위 숫자 미표기, 좌→우 내림차순 배열)",1,NH콕뱅크,액티브시니어+ 세대 비율,%,42.5,42.5%
row_e454937aab537993,fig04_t1,fig04,APP,액티브시니어+ 세대 앱 사용자 비율*,"주요 금융 앱 5개 (순위 숫자 미표기, 좌→우 내림차순 배열)",1,NH콕뱅크,그 외 세대 비율,%,57.5,57.5%
row_0c671c52e188ec08,fig04_t1,fig04,APP,액티브시니어+ 세대 앱 사용자 비율*,"주요 금융 앱 5개 (순위 숫자 미표기, 좌→우 내림차순 배열)",2,모니모,액티브시니어+ 세대 비율,%,37.1,37.1%
row_efd7a3537aa4d7e2,fig04_t1,fig04,APP,액티브시니어+ 세대 앱 사용자 비율*,"주요 금융 앱 5개 (순위 숫자 미표기, 좌→우 내림차순 배열)",2,모니모,그 외 세대 비율,%,62.9,62.9%
row_fd19b66671339e17,fig04_t1,fig04,APP,액티브시니어+ 세대 앱 사용자 비율*,"주요 금융 앱 5개 (순위 숫자 미표기, 좌→우 내림차순 배열)",3,삼성카드,액티브시니어+ 세대 비율,%,35.8,35.8%
row_54308f3fc3911e67,fig04_t1,fig04,APP,액티브시니어+ 세대 앱 사용자 비율*,"주요 금융 앱 5개 (순위 숫자 미표기, 좌→우 내림차순 배열)",3,삼성카드,그 외 세대 비율,%,64.2,64.2%
row_e3dec1483c0d269b,fig04_t1,fig04,APP,액티브시니어+ 세대 앱 사용자 비율*,"주요 금융 앱 5개 (순위 숫자 미표기, 좌→우 내림차순 배열)",4,현대카드,액티브시니어+ 세대 비율,%,35.0,35.0%
row_b54c30963cef5103,fig04_t1,fig04,APP,액티브시니어+ 세대 앱 사용자 비율*,"주요 금융 앱 5개 (순위 숫자 미표기, 좌→우 내림차순 배열)",4,현대카드,그 외 세대 비율,%,65.0,65.0%
row_d37687bd86653d69,fig04_t1,fig04,APP,액티브시니어+ 세대 앱 사용자 비율*,"주요 금융 앱 5개 (순위 숫자 미표기, 좌→우 내림차순 배열)",5,하나은행,액티브시니어+ 세대 비율,%,35.0,35.0%
row_c586be085f318726,fig04_t1,fig04,APP,액티브시니어+ 세대 앱 사용자 비율*,"주요 금융 앱 5개 (순위 숫자 미표기, 좌→우 내림차순 배열)",5,하나은행,그 외 세대 비율,%,65.0,65.0%
row_da269b9779ae5224,fig04_t2,fig04,APP,액티브시니어+ 세대 앱 1인당 평균 실행횟수*,"주요 금융 앱 5개 (순위 숫자 미표기, 좌→우 내림차순 막대)",1,모니모,1인당 평균 실행횟수,회,53.7,53.7회
row_5c667aec7d569227,fig04_t2,fig04,APP,액티브시니어+ 세대 앱 1인당 평균 실행횟수*,"주요 금융 앱 5개 (순위 숫자 미표기, 좌→우 내림차순 막대)",2,NH콕뱅크,1인당 평균 실행횟수,회,36.9,36.9회
row_55da2d1408d7dd36,fig04_t2,fig04,APP,액티브시니어+ 세대 앱 1인당 평균 실행횟수*,"주요 금융 앱 5개 (순위 숫자 미표기, 좌→우 내림차순 막대)",3,하나은행,1인당 평균 실행횟수,회,35.1,35.1회
row_732dd74b9aa2aba6,fig04_t2,fig04,APP,액티브시니어+ 세대 앱 1인당 평균 실행횟수*,"주요 금융 앱 5개 (순위 숫자 미표기, 좌→우 내림차순 막대)",4,현대카드,1인당 평균 실행횟수,회,27.4,27.4회
row_b2d33fc1a1a503dd,fig04_t2,fig04,APP,액티브시니어+ 세대 앱 1인당 평균 실행횟수*,"주요 금융 앱 5개 (순위 숫자 미표기, 좌→우 내림차순 막대)",5,삼성카드,1인당 평균 실행횟수,회,17.7,17.7회
row_a6065242df202a02,fig05_t1,fig05,APP,액티브시니어+ 세대 앱 사용자 평균 및 성장률*,"주요 쇼핑 앱 3개 (막대그래프, 24년 하반기 vs 25년 하반기)",1,G마켓,24년 하반기 월간 사용자 평균,만명,147.0,147만명
row_d97303fe5023662b,fig05_t1,fig05,APP,액티브시니어+ 세대 앱 사용자 평균 및 성장률*,"주요 쇼핑 앱 3개 (막대그래프, 24년 하반기 vs 25년 하반기)",1,G마켓,25년 하반기 월간 사용자 평균,만명,223.0,223만명
row_b86ccbaea3f29bb0,fig05_t1,fig05,APP,액티브시니어+ 세대 앱 사용자 평균 및 성장률*,"주요 쇼핑 앱 3개 (막대그래프, 24년 하반기 vs 25년 하반기)",1,G마켓,성장률,%,51.4,+51.4% 성장
row_d647a486684e11a7,fig05_t1,fig05,APP,액티브시니어+ 세대 앱 사용자 평균 및 성장률*,"주요 쇼핑 앱 3개 (막대그래프, 24년 하반기 vs 25년 하반기)",2,11번가,24년 하반기 월간 사용자 평균,만명,226.0,226만명
row_1e162da053448b0f,fig05_t1,fig05,APP,액티브시니어+ 세대 앱 사용자 평균 및 성장률*,"주요 쇼핑 앱 3개 (막대그래프, 24년 하반기 vs 25년 하반기)",2,11번가,25년 하반기 월간 사용자 평균,만명,262.0,262만명
row_f98fefe968c137f1,fig05_t1,fig05,APP,액티브시니어+ 세대 앱 사용자 평균 및 성장률*,"주요 쇼핑 앱 3개 (막대그래프, 24년 하반기 vs 25년 하반기)",2,11번가,성장률,%,15.7,+15.7% 성장
row_59a6aff3428b5836,fig05_t1,fig05,APP,액티브시니어+ 세대 앱 사용자 평균 및 성장률*,"주요 쇼핑 앱 3개 (막대그래프, 24년 하반기 vs 25년 하반기)",3,당근,24년 하반기 월간 사용자 평균,만명,501.0,501만명
row_d5dd330b9c0d36ce,fig05_t1,fig05,APP,액티브시니어+ 세대 앱 사용자 평균 및 성장률*,"주요 쇼핑 앱 3개 (막대그래프, 24년 하반기 vs 25년 하반기)",3,당근,25년 하반기 월간 사용자 평균,만명,575.0,575만명
row_12d179960057d704,fig05_t1,fig05,APP,액티브시니어+ 세대 앱 사용자 평균 및 성장률*,"주요 쇼핑 앱 3개 (막대그래프, 24년 하반기 vs 25년 하반기)",3,당근,성장률,%,14.7,+14.7% 성장
row_ad8dd96a1a1aa3fd,fig05_t2,fig05,APP,액티브시니어+ 세대 앱 1인당 평균 실행횟수*,주요 쇼핑 앱 3개 (막대그래프),1,당근,1인당 평균 실행횟수,회,176.7,176.7회
row_cdbd7eb770da7dc4,fig05_t2,fig05,APP,액티브시니어+ 세대 앱 1인당 평균 실행횟수*,주요 쇼핑 앱 3개 (막대그래프),2,G마켓,1인당 평균 실행횟수,회,52.6,52.6회
row_62a834c5a51ee581,fig05_t2,fig05,APP,액티브시니어+ 세대 앱 1인당 평균 실행횟수*,주요 쇼핑 앱 3개 (막대그래프),3,11번가,1인당 평균 실행횟수,회,36.1,36.1회
row_1a6018b88afc30c8,fig06_t1,fig06,RETAIL,순 결제추정금액 합 인덱스* TOP15,TOP15,1,쿠팡,인덱스,인덱스(쿠팡=100),100.0,100
row_657c07c84ec6416d,fig06_t1,fig06,RETAIL,순 결제추정금액 합 인덱스* TOP15,TOP15,2,네이버/네이버페이,인덱스,인덱스(쿠팡=100),49.2,49.2
row_1713e5127ade7fcd,fig06_t1,fig06,RETAIL,순 결제추정금액 합 인덱스* TOP15,TOP15,3,농협하나로마트,인덱스,인덱스(쿠팡=100),34.3,34.3
row_0f6a7c72c239fa72,fig06_t1,fig06,RETAIL,순 결제추정금액 합 인덱스* TOP15,TOP15,4,이마트,인덱스,인덱스(쿠팡=100),25.9,25.9
row_2fd128f1c33b5bec,fig06_t1,fig06,RETAIL,순 결제추정금액 합 인덱스* TOP15,TOP15,5,롯데백화점,인덱스,인덱스(쿠팡=100),23.9,23.9
row_afb359bcecaddff7,fig06_t1,fig06,RETAIL,순 결제추정금액 합 인덱스* TOP15,TOP15,6,코스트코,인덱스,인덱스(쿠팡=100),21.7,21.7
row_e6aeb0067a6728d3,fig06_t1,fig06,RETAIL,순 결제추정금액 합 인덱스* TOP15,TOP15,7,GS25,인덱스,인덱스(쿠팡=100),19.3,19.3
row_1d1f94b499e22010,fig06_t1,fig06,RETAIL,순 결제추정금액 합 인덱스* TOP15,TOP15,8,CU,인덱스,인덱스(쿠팡=100),19.0,19.0
row_6953c9ef7d13249e,fig06_t1,fig06,RETAIL,순 결제추정금액 합 인덱스* TOP15,TOP15,9,신세계백화점,인덱스,인덱스(쿠팡=100),18.4,18.4
row_f652fc02a23d32ed,fig06_t1,fig06,RETAIL,순 결제추정금액 합 인덱스* TOP15,TOP15,10,G마켓/옥션,인덱스,인덱스(쿠팡=100),16.2,16.2
row_b1404e3f98636317,fig06_t1,fig06,RETAIL,순 결제추정금액 합 인덱스* TOP15,TOP15,11,현대백화점,인덱스,인덱스(쿠팡=100),15.6,15.6
row_007d83a79914bf1d,fig06_t1,fig06,RETAIL,순 결제추정금액 합 인덱스* TOP15,TOP15,12,홈플러스,인덱스,인덱스(쿠팡=100),15.3,15.3
row_b31340be77ea72d0,fig06_t1,fig06,RETAIL,순 결제추정금액 합 인덱스* TOP15,TOP15,13,배달의민족,인덱스,인덱스(쿠팡=100),12.4,12.4
row_5314112ac6427456,fig06_t1,fig06,RETAIL,순 결제추정금액 합 인덱스* TOP15,TOP15,14,롯데마트,인덱스,인덱스(쿠팡=100),11.3,11.3
row_392f8e5104cb53f2,fig06_t1,fig06,RETAIL,순 결제추정금액 합 인덱스* TOP15,TOP15,15,대한항공,인덱스,인덱스(쿠팡=100),10.9,10.9
row_766f54b27167f822,fig06_t2,fig06,RETAIL,총 결제횟수 평균* TOP15,TOP15,1,쿠팡,총 결제횟수 평균,백만 회,60.0,60
row_5ac7638a083a727f,fig06_t2,fig06,RETAIL,총 결제횟수 평균* TOP15,TOP15,2,GS25,총 결제횟수 평균,백만 회,58.0,58
row_d98185d9566cec4a,fig06_t2,fig06,RETAIL,총 결제횟수 평균* TOP15,TOP15,3,CU,총 결제횟수 평균,백만 회,57.0,57
row_1a95886192275cf3,fig06_t2,fig06,RETAIL,총 결제횟수 평균* TOP15,TOP15,4,세븐일레븐,총 결제횟수 평균,백만 회,30.0,30
row_714cea6b160ce251,fig06_t2,fig06,RETAIL,총 결제횟수 평균* TOP15,TOP15,5,농협하나로마트,총 결제횟수 평균,백만 회,19.0,19
row_7527cc87559d54c5,fig06_t2,fig06,RETAIL,총 결제횟수 평균* TOP15,TOP15,6,다이소,총 결제횟수 평균,백만 회,19.0,19
row_fac63771b90294c9,fig06_t2,fig06,RETAIL,총 결제횟수 평균* TOP15,TOP15,7,네이버/네이버페이,총 결제횟수 평균,백만 회,16.0,16
row_b3ad6f23b2a94ce3,fig06_t2,fig06,RETAIL,총 결제횟수 평균* TOP15,TOP15,8,emart24,총 결제횟수 평균,백만 회,14.0,14
row_6f1924f27c25a3bd,fig06_t2,fig06,RETAIL,총 결제횟수 평균* TOP15,TOP15,9,카카오T,총 결제횟수 평균,백만 회,12.0,12
row_41bfa0d1d274e26c,fig06_t2,fig06,RETAIL,총 결제횟수 평균* TOP15,TOP15,10,이마트,총 결제횟수 평균,백만 회,11.0,11
row_a218368951fe0ffb,fig06_t2,fig06,RETAIL,총 결제횟수 평균* TOP15,TOP15,11,파리바게뜨/파리크라상,총 결제횟수 평균,백만 회,10.0,10
row_12e5769cce3ccd52,fig06_t2,fig06,RETAIL,총 결제횟수 평균* TOP15,TOP15,12,메가커피,총 결제횟수 평균,백만 회,10.0,10
row_5987c1eab8b31171,fig06_t2,fig06,RETAIL,총 결제횟수 평균* TOP15,TOP15,13,배달의민족,총 결제횟수 평균,백만 회,10.0,10
row_46d31c0cd5b2135a,fig06_t2,fig06,RETAIL,총 결제횟수 평균* TOP15,TOP15,14,쿠팡이츠,총 결제횟수 평균,백만 회,6.9,6.9
row_7af4b52fac6fd0af,fig06_t2,fig06,RETAIL,총 결제횟수 평균* TOP15,TOP15,15,컴포즈커피,총 결제횟수 평균,백만 회,6.8,6.8
row_58c08262ef0de193,fig07_t1,fig07,RETAIL,업종별 액티브시니어+ 세대 순 결제추정금액* TOP10,TOP10,1,인터넷 쇼핑,25년 12월 합산 순 결제추정금액,십억 원,3868.0,"3,868"
row_0253a19b924314f2,fig07_t1,fig07,RETAIL,업종별 액티브시니어+ 세대 순 결제추정금액* TOP10,TOP10,1,인터넷 쇼핑,24년 12월 합산 순 결제추정금액,십억 원,3513.0,"3,513"
row_27efbb2035b391ff,fig07_t1,fig07,RETAIL,업종별 액티브시니어+ 세대 순 결제추정금액* TOP10,TOP10,1,인터넷 쇼핑,성장률,%,10.1,+10.1%
row_6432e2451614746d,fig07_t1,fig07,RETAIL,업종별 액티브시니어+ 세대 순 결제추정금액* TOP10,TOP10,2,오프라인 마트,25년 12월 합산 순 결제추정금액,십억 원,2783.0,"2,783"
row_fb989c93fe37420a,fig07_t1,fig07,RETAIL,업종별 액티브시니어+ 세대 순 결제추정금액* TOP10,TOP10,2,오프라인 마트,24년 12월 합산 순 결제추정금액,십억 원,3014.0,"3,014"
row_5bf102b0e5db297f,fig07_t1,fig07,RETAIL,업종별 액티브시니어+ 세대 순 결제추정금액* TOP10,TOP10,2,오프라인 마트,성장률,%,,
row_1287196dee8cefe7,fig07_t1,fig07,RETAIL,업종별 액티브시니어+ 세대 순 결제추정금액* TOP10,TOP10,3,백화점/아울렛,25년 12월 합산 순 결제추정금액,십억 원,2091.0,"2,091"
row_778d6e57eb539307,fig07_t1,fig07,RETAIL,업종별 액티브시니어+ 세대 순 결제추정금액* TOP10,TOP10,3,백화점/아울렛,24년 12월 합산 순 결제추정금액,십억 원,2051.0,"2,051"
row_71309c3543f0f834,fig07_t1,fig07,RETAIL,업종별 액티브시니어+ 세대 순 결제추정금액* TOP10,TOP10,3,백화점/아울렛,성장률,%,,
row_099afceac6ad597a,fig07_t1,fig07,RETAIL,업종별 액티브시니어+ 세대 순 결제추정금액* TOP10,TOP10,4,홈쇼핑,25년 12월 합산 순 결제추정금액,십억 원,1125.0,"1,125"
row_abb453115683ea12,fig07_t1,fig07,RETAIL,업종별 액티브시니어+ 세대 순 결제추정금액* TOP10,TOP10,4,홈쇼핑,24년 12월 합산 순 결제추정금액,십억 원,1177.0,"1,177"
row_63f6459a9f58084c,fig07_t1,fig07,RETAIL,업종별 액티브시니어+ 세대 순 결제추정금액* TOP10,TOP10,4,홈쇼핑,성장률,%,,
row_eb82e1c37e0c027a,fig07_t1,fig07,RETAIL,업종별 액티브시니어+ 세대 순 결제추정금액* TOP10,TOP10,5,여행/교통,25년 12월 합산 순 결제추정금액,십억 원,1056.0,"1,056"
row_2402c75a22dc453f,fig07_t1,fig07,RETAIL,업종별 액티브시니어+ 세대 순 결제추정금액* TOP10,TOP10,5,여행/교통,24년 12월 합산 순 결제추정금액,십억 원,911.0,911
row_3c3e4fa6363c91ac,fig07_t1,fig07,RETAIL,업종별 액티브시니어+ 세대 순 결제추정금액* TOP10,TOP10,5,여행/교통,성장률,%,15.9,+15.9%
row_3ea1ae3027f8279d,fig07_t1,fig07,RETAIL,업종별 액티브시니어+ 세대 순 결제추정금액* TOP10,TOP10,6,편의점,25년 12월 합산 순 결제추정금액,십억 원,1028.0,"1,028"
row_c7b7b9ccf65e76ea,fig07_t1,fig07,RETAIL,업종별 액티브시니어+ 세대 순 결제추정금액* TOP10,TOP10,6,편의점,24년 12월 합산 순 결제추정금액,십억 원,984.0,984
row_f0b2af1378477738,fig07_t1,fig07,RETAIL,업종별 액티브시니어+ 세대 순 결제추정금액* TOP10,TOP10,6,편의점,성장률,%,,
row_ff3688e542b121b5,fig07_t1,fig07,RETAIL,업종별 액티브시니어+ 세대 순 결제추정금액* TOP10,TOP10,7,전자기기,25년 12월 합산 순 결제추정금액,십억 원,687.0,687
row_106a33170969f75b,fig07_t1,fig07,RETAIL,업종별 액티브시니어+ 세대 순 결제추정금액* TOP10,TOP10,7,전자기기,24년 12월 합산 순 결제추정금액,십억 원,675.0,675
row_a5a61466413ee8dd,fig07_t1,fig07,RETAIL,업종별 액티브시니어+ 세대 순 결제추정금액* TOP10,TOP10,7,전자기기,성장률,%,,
row_5cad361dde78a929,fig07_t1,fig07,RETAIL,업종별 액티브시니어+ 세대 순 결제추정금액* TOP10,TOP10,8,식음료,25년 12월 합산 순 결제추정금액,십억 원,484.0,484
row_e8e1c9cf5547a6d8,fig07_t1,fig07,RETAIL,업종별 액티브시니어+ 세대 순 결제추정금액* TOP10,TOP10,8,식음료,24년 12월 합산 순 결제추정금액,십억 원,444.0,444
row_2a8040ca7dc4b11c,fig07_t1,fig07,RETAIL,업종별 액티브시니어+ 세대 순 결제추정금액* TOP10,TOP10,8,식음료,성장률,%,,
row_c2a5454359c25726,fig07_t1,fig07,RETAIL,업종별 액티브시니어+ 세대 순 결제추정금액* TOP10,TOP10,9,식품,25년 12월 합산 순 결제추정금액,십억 원,474.0,474
row_0ad323dc4630eb07,fig07_t1,fig07,RETAIL,업종별 액티브시니어+ 세대 순 결제추정금액* TOP10,TOP10,9,식품,24년 12월 합산 순 결제추정금액,십억 원,448.0,448
row_d5b76101f62cc407,fig07_t1,fig07,RETAIL,업종별 액티브시니어+ 세대 순 결제추정금액* TOP10,TOP10,9,식품,성장률,%,,
row_e49db131698bfb3e,fig07_t1,fig07,RETAIL,업종별 액티브시니어+ 세대 순 결제추정금액* TOP10,TOP10,10,배달,25년 12월 합산 순 결제추정금액,십억 원,444.0,444
row_82dec21331d69785,fig07_t1,fig07,RETAIL,업종별 액티브시니어+ 세대 순 결제추정금액* TOP10,TOP10,10,배달,24년 12월 합산 순 결제추정금액,십억 원,372.0,372
row_c4aeef8d6d53a22f,fig07_t1,fig07,RETAIL,업종별 액티브시니어+ 세대 순 결제추정금액* TOP10,TOP10,10,배달,성장률,%,19.5,+19.5%
row_0215b4f5f63fd31d,fig08_t1,fig08,RETAIL,액티브시니어+ 세대 순 결제추정금액 점유율* 순위 TOP10,TOP10,1,NS홈쇼핑,점유율 - 50대,%,25.9,25.9
row_2e4baf2191529f4e,fig08_t1,fig08,RETAIL,액티브시니어+ 세대 순 결제추정금액 점유율* 순위 TOP10,TOP10,1,NS홈쇼핑,점유율 - 60대 이상,%,62.0,62.0
row_fa059f940e78ae36,fig08_t1,fig08,RETAIL,액티브시니어+ 세대 순 결제추정금액 점유율* 순위 TOP10,TOP10,1,NS홈쇼핑,점유율 합계 (50대 이상),%,87.8,87.8%
row_6580d31f8d47dc79,fig08_t1,fig08,RETAIL,액티브시니어+ 세대 순 결제추정금액 점유율* 순위 TOP10,TOP10,2,홈앤쇼핑,점유율 - 50대,%,34.4,34.4
row_6b9b03637d3dca19,fig08_t1,fig08,RETAIL,액티브시니어+ 세대 순 결제추정금액 점유율* 순위 TOP10,TOP10,2,홈앤쇼핑,점유율 - 60대 이상,%,44.2,44.2
row_2c8aeb8c05c98d6b,fig08_t1,fig08,RETAIL,액티브시니어+ 세대 순 결제추정금액 점유율* 순위 TOP10,TOP10,2,홈앤쇼핑,점유율 합계 (50대 이상),%,78.6,78.6%
row_7a6d58f4dc32d72f,fig08_t1,fig08,RETAIL,액티브시니어+ 세대 순 결제추정금액 점유율* 순위 TOP10,TOP10,3,현대홈쇼핑/현대Hmall,점유율 - 50대,%,33.4,33.4
row_3b6879ee50824814,fig08_t1,fig08,RETAIL,액티브시니어+ 세대 순 결제추정금액 점유율* 순위 TOP10,TOP10,3,현대홈쇼핑/현대Hmall,점유율 - 60대 이상,%,43.3,43.3
row_a61606ca25de9412,fig08_t1,fig08,RETAIL,액티브시니어+ 세대 순 결제추정금액 점유율* 순위 TOP10,TOP10,3,현대홈쇼핑/현대Hmall,점유율 합계 (50대 이상),%,76.7,76.7%
row_349e8ffe36084a0c,fig08_t1,fig08,RETAIL,액티브시니어+ 세대 순 결제추정금액 점유율* 순위 TOP10,TOP10,4,CJ온스타일,점유율 - 50대,%,38.9,38.9
row_f3e9741492e7936a,fig08_t1,fig08,RETAIL,액티브시니어+ 세대 순 결제추정금액 점유율* 순위 TOP10,TOP10,4,CJ온스타일,점유율 - 60대 이상,%,37.7,37.7
row_cc0e42a5d6b8a81b,fig08_t1,fig08,RETAIL,액티브시니어+ 세대 순 결제추정금액 점유율* 순위 TOP10,TOP10,4,CJ온스타일,점유율 합계 (50대 이상),%,76.6,76.6%
row_822c406caf32205c,fig08_t1,fig08,RETAIL,액티브시니어+ 세대 순 결제추정금액 점유율* 순위 TOP10,TOP10,5,GS홈쇼핑/GS Shop,점유율 - 50대,%,39.2,39.2
row_d6dc7b1bc641956a,fig08_t1,fig08,RETAIL,액티브시니어+ 세대 순 결제추정금액 점유율* 순위 TOP10,TOP10,5,GS홈쇼핑/GS Shop,점유율 - 60대 이상,%,37.1,37.1
row_c5fee51411e2ba23,fig08_t1,fig08,RETAIL,액티브시니어+ 세대 순 결제추정금액 점유율* 순위 TOP10,TOP10,5,GS홈쇼핑/GS Shop,점유율 합계 (50대 이상),%,76.3,76.3%
row_f4fd6e1a8f84194c,fig08_t1,fig08,RETAIL,액티브시니어+ 세대 순 결제추정금액 점유율* 순위 TOP10,TOP10,6,롯데홈쇼핑,점유율 - 50대,%,35.8,35.8
row_9f037c2fa5b4a1f8,fig08_t1,fig08,RETAIL,액티브시니어+ 세대 순 결제추정금액 점유율* 순위 TOP10,TOP10,6,롯데홈쇼핑,점유율 - 60대 이상,%,38.7,38.7
row_4d383a2086815977,fig08_t1,fig08,RETAIL,액티브시니어+ 세대 순 결제추정금액 점유율* 순위 TOP10,TOP10,6,롯데홈쇼핑,점유율 합계 (50대 이상),%,74.5,74.5%
row_26f4f9af5fee5148,fig08_t1,fig08,RETAIL,액티브시니어+ 세대 순 결제추정금액 점유율* 순위 TOP10,TOP10,7,탑마트,점유율 - 50대,%,30.6,30.6
row_31170f1bfb2e69cf,fig08_t1,fig08,RETAIL,액티브시니어+ 세대 순 결제추정금액 점유율* 순위 TOP10,TOP10,7,탑마트,점유율 - 60대 이상,%,36.6,36.6
row_c18d9e7be70bbe80,fig08_t1,fig08,RETAIL,액티브시니어+ 세대 순 결제추정금액 점유율* 순위 TOP10,TOP10,7,탑마트,점유율 합계 (50대 이상),%,67.3,67.3%
row_74b8c2648015b409,fig08_t1,fig08,RETAIL,액티브시니어+ 세대 순 결제추정금액 점유율* 순위 TOP10,TOP10,8,농협하나로마트,점유율 - 50대,%,30.2,30.2
row_3de9a942951f576c,fig08_t1,fig08,RETAIL,액티브시니어+ 세대 순 결제추정금액 점유율* 순위 TOP10,TOP10,8,농협하나로마트,점유율 - 60대 이상,%,33.6,33.6
row_faac440a5efe875e,fig08_t1,fig08,RETAIL,액티브시니어+ 세대 순 결제추정금액 점유율* 순위 TOP10,TOP10,8,농협하나로마트,점유율 합계 (50대 이상),%,63.8,63.8%
row_8102b1b3ff299150,fig08_t1,fig08,RETAIL,액티브시니어+ 세대 순 결제추정금액 점유율* 순위 TOP10,TOP10,9,롯데하이마트,점유율 - 50대,%,27.2,27.2
row_e046729fefda5b1b,fig08_t1,fig08,RETAIL,액티브시니어+ 세대 순 결제추정금액 점유율* 순위 TOP10,TOP10,9,롯데하이마트,점유율 - 60대 이상,%,33.8,33.8
row_e756eb91591560e1,fig08_t1,fig08,RETAIL,액티브시니어+ 세대 순 결제추정금액 점유율* 순위 TOP10,TOP10,9,롯데하이마트,점유율 합계 (50대 이상),%,61.0,61.0%
row_da65cb59d8e92b89,fig08_t1,fig08,RETAIL,액티브시니어+ 세대 순 결제추정금액 점유율* 순위 TOP10,TOP10,10,NC백화점/뉴코아아울렛,점유율 - 50대,%,29.2,29.2
row_f28d2136b3787572,fig08_t1,fig08,RETAIL,액티브시니어+ 세대 순 결제추정금액 점유율* 순위 TOP10,TOP10,10,NC백화점/뉴코아아울렛,점유율 - 60대 이상,%,29.6,29.6
row_2c691d5c5852f10e,fig08_t1,fig08,RETAIL,액티브시니어+ 세대 순 결제추정금액 점유율* 순위 TOP10,TOP10,10,NC백화점/뉴코아아울렛,점유율 합계 (50대 이상),%,58.8,58.8%
row_1483b703fc848a37,fig09_t1,fig09,RETAIL,액티브시니어+ 세대 순 결제추정금액 성장률* TOP5,TOP5,1,코스트코,순 결제추정금액 성장률*,%,33.0,33.0
row_bdd53104a47ff2dd,fig09_t1,fig09,RETAIL,액티브시니어+ 세대 순 결제추정금액 성장률* TOP5,TOP5,1,코스트코,세대 비율*,%,53.5,53.5%
row_a6cb070855cd7792,fig09_t1,fig09,RETAIL,액티브시니어+ 세대 순 결제추정금액 성장률* TOP5,TOP5,2,다이소,순 결제추정금액 성장률*,%,21.6,21.6
row_d8c9b87188116a32,fig09_t1,fig09,RETAIL,액티브시니어+ 세대 순 결제추정금액 성장률* TOP5,TOP5,2,다이소,세대 비율*,%,37.6,37.6%
row_708ac10cb6a23dbd,fig09_t1,fig09,RETAIL,액티브시니어+ 세대 순 결제추정금액 성장률* TOP5,TOP5,3,마켓컬리,순 결제추정금액 성장률*,%,21.1,21.1
row_a78f9a2d1f4e9c7a,fig09_t1,fig09,RETAIL,액티브시니어+ 세대 순 결제추정금액 성장률* TOP5,TOP5,3,마켓컬리,세대 비율*,%,30.7,30.7%
row_67be0fb9ed3fc2cd,fig09_t1,fig09,RETAIL,액티브시니어+ 세대 순 결제추정금액 성장률* TOP5,TOP5,4,신세계백화점,순 결제추정금액 성장률*,%,18.6,18.6
row_04bd8a050b36a3d1,fig09_t1,fig09,RETAIL,액티브시니어+ 세대 순 결제추정금액 성장률* TOP5,TOP5,4,신세계백화점,세대 비율*,%,32.2,32.2%
row_f0524f13c6fbe165,fig09_t1,fig09,RETAIL,액티브시니어+ 세대 순 결제추정금액 성장률* TOP5,TOP5,5,쿠팡,순 결제추정금액 성장률*,%,17.0,17.0
row_3117e5a203487c52,fig09_t1,fig09,RETAIL,액티브시니어+ 세대 순 결제추정금액 성장률* TOP5,TOP5,5,쿠팡,세대 비율*,%,34.5,34.5%
row_81a64bbaa2f56ace,fig10_t1,fig10,RETAIL,액티브시니어+ 세대 순 결제추정금액 비율*,상단 도넛 차트 · 브랜드 5개,1,NS홈쇼핑,액티브시니어+ 세대 비율,%,87.8,87.8%
row_21e823f75722d597,fig10_t1,fig10,RETAIL,액티브시니어+ 세대 순 결제추정금액 비율*,상단 도넛 차트 · 브랜드 5개,1,NS홈쇼핑,그 외 세대 비율,%,12.2,12.2%
row_923ef83642e0a6d5,fig10_t1,fig10,RETAIL,액티브시니어+ 세대 순 결제추정금액 비율*,상단 도넛 차트 · 브랜드 5개,2,홈앤쇼핑,액티브시니어+ 세대 비율,%,78.6,78.6%
row_2fa848bcd2c4c533,fig10_t1,fig10,RETAIL,액티브시니어+ 세대 순 결제추정금액 비율*,상단 도넛 차트 · 브랜드 5개,2,홈앤쇼핑,그 외 세대 비율,%,21.4,21.4%
row_9330fd71934125c4,fig10_t1,fig10,RETAIL,액티브시니어+ 세대 순 결제추정금액 비율*,상단 도넛 차트 · 브랜드 5개,3,현대홈쇼핑/현대Hmall,액티브시니어+ 세대 비율,%,76.7,76.7%
row_5ef2186acc2a1c63,fig10_t1,fig10,RETAIL,액티브시니어+ 세대 순 결제추정금액 비율*,상단 도넛 차트 · 브랜드 5개,3,현대홈쇼핑/현대Hmall,그 외 세대 비율,%,23.3,23.3%
row_32b6bf55046f714c,fig10_t1,fig10,RETAIL,액티브시니어+ 세대 순 결제추정금액 비율*,상단 도넛 차트 · 브랜드 5개,4,CJ온스타일,액티브시니어+ 세대 비율,%,76.6,76.6%
row_16eb4fdc572238d5,fig10_t1,fig10,RETAIL,액티브시니어+ 세대 순 결제추정금액 비율*,상단 도넛 차트 · 브랜드 5개,4,CJ온스타일,그 외 세대 비율,%,23.4,23.4%
row_b69746ddbdd65994,fig10_t1,fig10,RETAIL,액티브시니어+ 세대 순 결제추정금액 비율*,상단 도넛 차트 · 브랜드 5개,5,GS홈쇼핑/GS Shop,액티브시니어+ 세대 비율,%,76.3,76.3%
row_b81f7b53cdb3acad,fig10_t1,fig10,RETAIL,액티브시니어+ 세대 순 결제추정금액 비율*,상단 도넛 차트 · 브랜드 5개,5,GS홈쇼핑/GS Shop,그 외 세대 비율,%,23.7,23.7%
row_8496758e06f864e3,fig10_t2,fig10,RETAIL,액티브시니어+ 세대 1인당 평균 결제금액*,하단 막대 차트 · 브랜드 5개,1,CJ온스타일,액티브시니어+ 세대 1인당 평균 결제금액,만 원,30.6,30.6만 원
row_0b6348e412e76854,fig10_t2,fig10,RETAIL,액티브시니어+ 세대 1인당 평균 결제금액*,하단 막대 차트 · 브랜드 5개,2,현대홈쇼핑/현대Hmallord,액티브시니어+ 세대 1인당 평균 결제금액,만 원,20.8,20.8만 원
row_5c1392006c04bd33,fig10_t2,fig10,RETAIL,액티브시니어+ 세대 1인당 평균 결제금액*,하단 막대 차트 · 브랜드 5개,3,GS홈쇼핑/GS Shop,액티브시니어+ 세대 1인당 평균 결제금액,만 원,20.0,20.0만 원
row_cae418006be5eb3b,fig10_t2,fig10,RETAIL,액티브시니어+ 세대 1인당 평균 결제금액*,하단 막대 차트 · 브랜드 5개,4,홈앤쇼핑,액티브시니어+ 세대 1인당 평균 결제금액,만 원,18.1,18.1만 원
row_0b69b022305b5b4f,fig10_t2,fig10,RETAIL,액티브시니어+ 세대 1인당 평균 결제금액*,하단 막대 차트 · 브랜드 5개,5,NS홈쇼핑,액티브시니어+ 세대 1인당 평균 결제금액,만 원,13.1,13.1만 원
row_4762727e06bcd0f8,fig11_t1,fig11,RETAIL,액티브시니어+ 세대 순 결제추정금액 비율*,도넛 차트 3개 (좌→우),1,탑마트,액티브시니어+ 세대 비율,%,67.3,67.3%
row_60f53ec502ac1549,fig11_t1,fig11,RETAIL,액티브시니어+ 세대 순 결제추정금액 비율*,도넛 차트 3개 (좌→우),1,탑마트,그 외 세대 비율,%,32.7,32.7%
row_a88f376db891669d,fig11_t1,fig11,RETAIL,액티브시니어+ 세대 순 결제추정금액 비율*,도넛 차트 3개 (좌→우),2,농협하나로마트,액티브시니어+ 세대 비율,%,63.8,63.8%
row_b6bd3099059f55cb,fig11_t1,fig11,RETAIL,액티브시니어+ 세대 순 결제추정금액 비율*,도넛 차트 3개 (좌→우),2,농협하나로마트,그 외 세대 비율,%,36.2,36.2%
row_b359e64d4938dbd5,fig11_t1,fig11,RETAIL,액티브시니어+ 세대 순 결제추정금액 비율*,도넛 차트 3개 (좌→우),3,코스트코,액티브시니어+ 세대 비율,%,53.5,53.5%
row_7d632fd1863109b4,fig11_t1,fig11,RETAIL,액티브시니어+ 세대 순 결제추정금액 비율*,도넛 차트 3개 (좌→우),3,코스트코,그 외 세대 비율,%,46.5,46.5%
row_c6cdc5506ea7088b,fig11_t2,fig11,RETAIL,액티브시니어+ 세대 1인당 평균 결제금액*,막대 차트 3개 (좌→우),1,코스트코,1인당 평균 결제금액,만 원,35.7,35.7만 원
row_6331a234b1bcb997,fig11_t2,fig11,RETAIL,액티브시니어+ 세대 1인당 평균 결제금액*,막대 차트 3개 (좌→우),2,농협하나로마트,1인당 평균 결제금액,만 원,11.5,11.5만 원
row_a0ffeacc3b270315,fig11_t2,fig11,RETAIL,액티브시니어+ 세대 1인당 평균 결제금액*,막대 차트 3개 (좌→우),3,탑마트,1인당 평균 결제금액,만 원,11.4,11.4만 원
