web_target_group_id,web_target_key,service_id,canonical_service_key,service_name_canonical,web_eligibility_status,official_landing_url,observed_url,resolved_final_url,redirect_chain,http_status,page_title,registered_domain,url_type,url_discovery_method,url_evidence,url_reviewer,url_confidence,observation_confidence,reviewed_at,review_status,review_reasons,brand_token_in_title,cross_registered_domain_redirect,tls_compat_retry,review_note
wtg_49a5eca8b58f7270,11st,svc_49a5eca8b58f7270,11st,11번가,WEB_SERVICE,https://www.11st.co.kr/,https://www.11st.co.kr/,https://www.11st.co.kr/,[],200.0,11번가,11st.co.kr,WEB_SERVICE_LANDING,WEB_SEARCH_CANDIDATE_THEN_ONSITE_VERIFICATION,https://www.11st.co.kr/ → HTTP 200 · 페이지 제목 '11번가' · 등록도메인(PSL) 11st.co.kr,exec-agent(C013) / 검색 후보 → 직접 접속 확인,HIGH,HIGH,2026-08-26,REVIEWED,,True,False,False,오픈마켓 상품 탐색·구매가 브라우저에서 그대로 동작하는 서비스 진입점이다.
wtg_a215c45b2cc585ca,adot_call,svc_a215c45b2cc585ca,adot_call,에이닷 전화,OFFICIAL_PRODUCT_PAGE,https://www.skt-phone.co.kr/,https://www.skt-phone.co.kr/,https://www.skt-phone.co.kr/,[],200.0,SKT 에이닷 전화,skt-phone.co.kr,OFFICIAL_PRODUCT_PAGE,WEB_SEARCH_CANDIDATE_THEN_ONSITE_VERIFICATION,https://www.skt-phone.co.kr/ → HTTP 200 · 페이지 제목 'SKT 에이닷 전화' · 등록도메인(PSL) skt-phone.co.kr,exec-agent(C013) / 검색 후보 → 직접 접속 확인,HIGH,HIGH,2026-08-26,REVIEWED,,True,False,False,운영사(SKT)의 공식 페이지이지만 통화라는 핵심 기능은 단말 앱에서만 일어난다. 이 URL 에서 하는 일은 기능 소개와 가입 안내다.
wtg_c5285b96b598a08b,baemin,svc_c5285b96b598a08b,baemin,배달의민족,OFFICIAL_PRODUCT_PAGE,https://baemin.com/,https://baemin.com/,https://baemin.com/,[],200.0,배달의민족 - 배달팁 무료 배민클럽,baemin.com,OFFICIAL_PRODUCT_PAGE,WEB_SEARCH_CANDIDATE_THEN_ONSITE_VERIFICATION,https://baemin.com/ → HTTP 200 · 페이지 제목 '배달의민족 - 배달팁 무료 배민클럽' · 등록도메인(PSL) baemin.com,exec-agent(C013) / 검색 후보 → 직접 접속 확인,HIGH,HIGH,2026-08-26,REVIEWED,,True,False,False,브랜드 소개 페이지다. 주문이라는 핵심 기능은 앱에서만 일어난다.
wtg_65f15ce8fee25b24,band,svc_65f15ce8fee25b24,band,밴드,WEB_SERVICE,https://band.us/,https://band.us/,https://www.band.us/,"[{""status"": 301, ""from"": ""https://band.us/"", ""to"": ""https://www.band.us/""}]",200.0,밴드-모임이 쉬워진다,band.us,WEB_SERVICE_LANDING,WEB_SEARCH_CANDIDATE_THEN_ONSITE_VERIFICATION,https://band.us/ → HTTP 200 · 최종 URL https://www.band.us/ · 리다이렉트 1회 · 페이지 제목 '밴드-모임이 쉬워진다' · 등록도메인(PSL) band.us,exec-agent(C013) / 검색 후보 → 직접 접속 확인,HIGH,HIGH,2026-08-26,REVIEWED,,True,False,False,밴드 웹 클라이언트의 진입점이다. 로그인 후 글·댓글 등 모임 기능을 브라우저에서 쓴다.
wtg_e1fadb214cde51c0,cashwalk,svc_e1fadb214cde51c0,cashwalk,캐시워크,OFFICIAL_PRODUCT_PAGE,https://cashwalk.com/,https://cashwalk.com/,https://cashwalk.com/,[],200.0,"캐시워크 - 걸으면 돈버는 앱 1위! 만보기, 앱테크, 현금 이벤트까지",cashwalk.com,OFFICIAL_PRODUCT_PAGE,WEB_SEARCH_CANDIDATE_THEN_ONSITE_VERIFICATION,"https://cashwalk.com/ → HTTP 200 · 페이지 제목 '캐시워크 - 걸으면 돈버는 앱 1위! 만보기, 앱테크, 현금 이벤트까지' · 등록도메인(PSL) cashwalk.com",exec-agent(C013) / 검색 후보 → 직접 접속 확인,HIGH,HIGH,2026-08-26,REVIEWED,,True,False,False,걸음 적립이라는 핵심 기능은 단말 센서에 묶여 앱에서만 성립한다. 이 URL 은 소개 페이지이며 웹 애플리케이션이 없다.
wtg_9390ef32addf32bf,chrome,svc_9390ef32addf32bf,chrome,Chrome,OFFICIAL_PRODUCT_PAGE,https://www.google.com/chrome/,https://www.google.com/chrome/,https://www.google.com/chrome/,[],200.0,Chrome 웹브라우저,google.com,OFFICIAL_PRODUCT_PAGE,WEB_SEARCH_CANDIDATE_THEN_ONSITE_VERIFICATION,https://www.google.com/chrome/ → HTTP 200 · 페이지 제목 'Chrome 웹브라우저' · 등록도메인(PSL) google.com,exec-agent(C013) / 검색 후보 → 직접 접속 확인,HIGH,HIGH,2026-08-26,REVIEWED,,True,False,False,브라우저 제품 소개·다운로드 페이지다. 06 §2-3 이 말한 두 번째 경로 — 선탑재 가설을 '공식 랜딩이 OFFICIAL_PRODUCT_PAGE 임을 확인' 으로 해소한다. 선탑재 여부는 판정에 쓰지 않았다.
wtg_4feab7e61bf642e8,cj_onstyle,svc_4feab7e61bf642e8,cj_onstyle,CJ온스타일,WEB_SERVICE,https://www.cjonstyle.com/,https://www.cjonstyle.com/,https://display.cjonstyle.com/p/homeTab/main?hmtabMenuId=H00005&rPIC=homeonstyle,"[{""status"": 302, ""from"": ""https://www.cjonstyle.com/"", ""to"": ""https://display.cjonstyle.com/p/homeTab/main?hmtabMenuId=003147&rPIC=homeonstyle""}, {""status"": 302, ""from"": ""https://display.cjonstyle.com/p/homeTab/main?hmtabMenuId=003147&rPIC=homeonstyle"", ""to"": ""https://display.cjonstyle.com/p/main?rPIC=homeonstyle""}, {""status"": 302, ""from"": ""https://display.cjonstyle.com/p/main?rPIC=homeonstyle"", ""to"": ""https://display.cjonstyle.com/p/homeTab/main?hmtabMenuId=H00005&rPIC=homeonstyle""}]",200.0,홈 | CJ온스타일,cjonstyle.com,WEB_SERVICE_LANDING,WEB_SEARCH_CANDIDATE_THEN_ONSITE_VERIFICATION,https://www.cjonstyle.com/ → HTTP 200 · 최종 URL https://display.cjonstyle.com/p/homeTab/main?hmtabMenuId=H00005&rPIC=homeonstyle · 리다이렉트 3회 · 페이지 제목 '홈 | CJ온스타일' · 등록도메인(PSL) cjonstyle.com,exec-agent(C013) / 검색 후보 → 직접 접속 확인,HIGH,HIGH,2026-08-26,REVIEWED,,True,False,False,홈쇼핑 온라인몰 본체다. 같은 등록도메인 안에서 상품 탐색·구매가 동작한다.
wtg_51484a735cdb487b,compose_coffee,svc_51484a735cdb487b,compose_coffee,컴포즈커피,RETAIL_OFFLINE_ONLY,https://composecoffee.com/,https://composecoffee.com/,https://composecoffee.com/,[],200.0,컴포즈커피,composecoffee.com,OFFICIAL_PRODUCT_PAGE,WEB_SEARCH_CANDIDATE_THEN_ONSITE_VERIFICATION,https://composecoffee.com/ → HTTP 200 · 페이지 제목 '컴포즈커피' · 등록도메인(PSL) composecoffee.com,exec-agent(C013) / 검색 후보 → 직접 접속 확인,HIGH,HIGH,2026-08-26,REVIEWED,,True,False,False,매장·메뉴 안내 중심의 브랜드 사이트다. A1 이 잰 카드 결제는 오프라인 매장에서 일어나며 이 랜딩에서 일어나지 않는다.
wtg_22ffba7a86ea9919,costco,svc_22ffba7a86ea9919,costco,코스트코,WEB_SERVICE,https://www.costco.co.kr/,https://www.costco.co.kr/,https://www.costco.co.kr/,[],200.0,코스트코 온라인몰 | 코스트코 코리아,costco.co.kr,WEB_SERVICE_LANDING,WEB_SEARCH_CANDIDATE_THEN_ONSITE_VERIFICATION,https://www.costco.co.kr/ → HTTP 200 · 페이지 제목 '코스트코 온라인몰 | 코스트코 코리아' · 등록도메인(PSL) costco.co.kr,exec-agent(C013) / 검색 후보 → 직접 접속 확인,HIGH,HIGH,2026-08-26,REVIEWED,,True,False,False,한국 법인이 운영하는 온라인몰 본체다. 상품 탐색·구매가 브라우저에서 동작한다. 다만 A1 이 잰 결제 상당 부분은 창고형 매장 오프라인 결제일 수 있다.
wtg_5b8c59f6fd9839f7,coupang,svc_79cd0e07c1eac5dc,coupang_app,쿠팡,WEB_SERVICE,https://www.coupang.com/,https://www.coupang.com/,https://www.coupang.com/,[],403.0,Access Denied,coupang.com,WEB_SERVICE_LANDING,WEB_SEARCH_CANDIDATE_THEN_ONSITE_VERIFICATION,https://www.coupang.com/ → HTTP 403 · 페이지 제목 'Access Denied' · 등록도메인(PSL) coupang.com,exec-agent(C013) / 검색 후보 → 직접 접속 확인,MEDIUM,MEDIUM,2026-08-26,NEEDS_HUMAN_REVIEW,"LANDING_NOT_SEEN_BOT_BLOCKED,TITLE_DOES_NOT_NAME_BRAND",False,False,False,쿠팡 자신의 커머스 사이트이며 상품 탐색·구매가 브라우저에서 일어난다. 다만 우리 요청은 봇 차단(403)으로 막혀 랜딩 화면 자체를 보지 못했다.
wtg_054d78ed187cdd9f,coupang_eats,svc_054d78ed187cdd9f,coupang_eats,쿠팡이츠,OFFICIAL_PRODUCT_PAGE,https://www.coupangeats.com/,https://www.coupangeats.com/,https://www.coupangeats.com/,[],200.0,"더 좋은 식사의 시작, 쿠팡이츠 - 쿠팡이츠",coupangeats.com,OFFICIAL_PRODUCT_PAGE,WEB_SEARCH_CANDIDATE_THEN_ONSITE_VERIFICATION,"https://www.coupangeats.com/ → HTTP 200 · 페이지 제목 '더 좋은 식사의 시작, 쿠팡이츠 - 쿠팡이츠' · 등록도메인(PSL) coupangeats.com",exec-agent(C013) / 검색 후보 → 직접 접속 확인,HIGH,HIGH,2026-08-26,REVIEWED,,True,False,False,"브랜드 소개 페이지다. 주문은 앱에서 일어나고, 같은 도메인의 다른 경로는 점주용 포털이라 소비자 랜딩이 아니다."
wtg_5b8c59f6fd9839f7,coupang,svc_e22ebedb0e6c205f,coupang_retail,쿠팡,WEB_SERVICE,https://www.coupang.com/,https://www.coupang.com/,https://www.coupang.com/,[],403.0,Access Denied,coupang.com,WEB_SERVICE_LANDING,WEB_SEARCH_CANDIDATE_THEN_ONSITE_VERIFICATION,https://www.coupang.com/ → HTTP 403 · 페이지 제목 'Access Denied' · 등록도메인(PSL) coupang.com,exec-agent(C013) / 검색 후보 → 직접 접속 확인,MEDIUM,MEDIUM,2026-08-26,NEEDS_HUMAN_REVIEW,"LANDING_NOT_SEEN_BOT_BLOCKED,TITLE_DOES_NOT_NAME_BRAND",False,False,False,APP 도메인의 coupang_app 과 같은 커머스 사이트다. 우리 요청은 봇 차단(403)으로 막혀 랜딩 화면 자체를 보지 못했다.
wtg_e67be79550661604,cu,svc_e67be79550661604,cu,CU,RETAIL_OFFLINE_ONLY,https://cu.bgfretail.com/,https://cu.bgfretail.com/,https://cu.bgfretail.com/,[],200.0,NICE TO CU,bgfretail.com,OFFICIAL_PRODUCT_PAGE,WEB_SEARCH_CANDIDATE_THEN_ONSITE_VERIFICATION,https://cu.bgfretail.com/ → HTTP 200 · 페이지 제목 'NICE TO CU' · 등록도메인(PSL) bgfretail.com,exec-agent(C013) / 검색 후보 → 직접 접속 확인,HIGH,HIGH,2026-08-26,REVIEWED,,True,False,False,운영사 사이트의 편의점 브랜드 안내다. 카드 결제는 오프라인 점포에서 일어난다.
wtg_377983572bd38242,daiso,svc_377983572bd38242,daiso,다이소,WEB_SERVICE,https://www.daisomall.co.kr/,https://www.daisomall.co.kr/,https://www.daisomall.co.kr/,[],200.0,다이소몰 - 온라인 국민가게,daisomall.co.kr,WEB_SERVICE_LANDING,WEB_SEARCH_CANDIDATE_THEN_ONSITE_VERIFICATION,https://www.daisomall.co.kr/ → HTTP 200 · 페이지 제목 '다이소몰 - 온라인 국민가게' · 등록도메인(PSL) daisomall.co.kr,exec-agent(C013) / 검색 후보 → 직접 접속 확인,HIGH,HIGH,2026-08-26,REVIEWED,,True,False,False,브랜드의 소비자 거래 사이트다(온라인몰). 브랜드 소개 사이트(daiso.co.kr)도 따로 있으나 A1 이 잰 것이 소비자 결제이므로 거래 사이트를 랜딩으로 잡는다.
wtg_46e5a43370f75308,danggeun,svc_46e5a43370f75308,danggeun,당근,WEB_SERVICE,https://www.daangn.com/kr,https://www.daangn.com/kr,https://www.daangn.com/kr/,"[{""status"": 301, ""from"": ""https://www.daangn.com/kr"", ""to"": ""https://www.daangn.com/kr/""}]",200.0,당신 근처의 당근,daangn.com,WEB_SERVICE_LANDING,WEB_SEARCH_CANDIDATE_THEN_ONSITE_VERIFICATION,https://www.daangn.com/kr → HTTP 200 · 최종 URL https://www.daangn.com/kr/ · 리다이렉트 1회 · 페이지 제목 '당신 근처의 당근' · 등록도메인(PSL) daangn.com,exec-agent(C013) / 검색 후보 → 직접 접속 확인,HIGH,HIGH,2026-08-26,REVIEWED,,True,False,False,지역 중고거래 게시물 탐색·검색이 브라우저에서 동작하는 웹 진입점이다. 채팅 등 일부 기능은 앱으로 넘어간다.
wtg_91b952863c62993d,daum,svc_91b952863c62993d,daum,다음,WEB_SERVICE,https://www.daum.net/,https://www.daum.net/,https://www.daum.net/,[],200.0,Daum,daum.net,WEB_SERVICE_LANDING,WEB_SEARCH_CANDIDATE_THEN_ONSITE_VERIFICATION,https://www.daum.net/ → HTTP 200 · 페이지 제목 'Daum' · 등록도메인(PSL) daum.net,exec-agent(C013) / 검색 후보 → 직접 접속 확인,HIGH,HIGH,2026-08-26,REVIEWED,,True,False,False,포털 서비스 본체가 브라우저에서 그대로 동작한다. 앱은 같은 서비스의 다른 채널이다.
wtg_cdce1ffd6b1b1e24,device_care,svc_cdce1ffd6b1b1e24,device_care,디바이스 케어,SYSTEM_APP,,https://www.samsungsvc.co.kr/solution/42404,https://www.samsungsvc.co.kr/solution/42404,[],200.0,[삼성 스마트폰] 디바이스 케어 기능 사용방법이 궁금해요.,samsungsvc.co.kr,APP_ONLY,WEB_SEARCH_CANDIDATE_THEN_ONSITE_VERIFICATION,https://www.samsungsvc.co.kr/solution/42404 → HTTP 200 · 페이지 제목 '[삼성 스마트폰] 디바이스 케어 기능 사용방법이 궁금해요.' · 등록도메인(PSL) samsungsvc.co.kr,exec-agent(C013) / 검색 후보 → 직접 접속 확인,HIGH,HIGH,2026-08-26,REVIEWED,,True,False,False,"단말 관리 유틸리티로, 운영사가 내놓은 소비자용 웹 랜딩이 확인되지 않는다. 확인된 것은 제3자 스토어 등록 페이지와 고객지원 FAQ 문서뿐이다."
wtg_7f6f1aa6dd218d4d,emart,svc_7f6f1aa6dd218d4d,emart,이마트,WEB_SERVICE,https://emart.ssg.com/,https://emart.ssg.com/,https://emart.ssg.com/,[],200.0,"원하는 상품을 원하는 시간에 쓱, 이마트몰",ssg.com,WEB_SERVICE_LANDING,WEB_SEARCH_CANDIDATE_THEN_ONSITE_VERIFICATION,"https://emart.ssg.com/ → HTTP 200 · 페이지 제목 '원하는 상품을 원하는 시간에 쓱, 이마트몰' · 등록도메인(PSL) ssg.com",exec-agent(C013) / 검색 후보 → 직접 접속 확인,HIGH,HIGH,2026-08-26,NEEDS_HUMAN_REVIEW,OPERATOR_DOMAIN_DIFFERS_FROM_BRAND_DOMAIN,True,False,False,브랜드의 소비자 거래 사이트다. 다만 등록도메인이 브랜드 도메인(emart.com)이 아니라 계열 온라인몰 운영사 도메인(ssg.com)이라 identity 확인이 필요하다.
wtg_be1e6feb78e5ef03,emart24,svc_be1e6feb78e5ef03,emart24,emart24,RETAIL_OFFLINE_ONLY,https://emart24.co.kr/,https://emart24.co.kr/,https://emart24.co.kr/,[],200.0,홈 - 이마트24,emart24.co.kr,OFFICIAL_PRODUCT_PAGE,WEB_SEARCH_CANDIDATE_THEN_ONSITE_VERIFICATION,https://emart24.co.kr/ → HTTP 200 · 페이지 제목 '홈 - 이마트24' · 등록도메인(PSL) emart24.co.kr,exec-agent(C013) / 검색 후보 → 직접 접속 확인,HIGH,HIGH,2026-08-26,NEEDS_HUMAN_REVIEW,TITLE_DOES_NOT_NAME_BRAND,False,False,False,편의점 브랜드의 매장 안내 사이트다. 카드 결제는 오프라인 점포에서 일어난다.
wtg_f9fbd771ffcdbd42,gmarket,svc_112f591a0d47a8d8,gmarket_app,G마켓,WEB_SERVICE,https://www.gmarket.co.kr/,https://www.gmarket.co.kr/,https://www.gmarket.co.kr/,[],403.0,G마켓 - 쇼핑을 바꾸는 쇼핑,gmarket.co.kr,WEB_SERVICE_LANDING,WEB_SEARCH_CANDIDATE_THEN_ONSITE_VERIFICATION,https://www.gmarket.co.kr/ → HTTP 403 · 페이지 제목 'G마켓 - 쇼핑을 바꾸는 쇼핑' · 등록도메인(PSL) gmarket.co.kr,exec-agent(C013) / 검색 후보 → 직접 접속 확인,MEDIUM,MEDIUM,2026-08-26,NEEDS_HUMAN_REVIEW,LANDING_NOT_SEEN_BOT_BLOCKED,True,False,False,오픈마켓 본체 사이트다. 응답은 봇 차단(403)이었으나 차단 페이지에도 원문 표기와 같은 브랜드 제목이 실려 있었다.
wtg_f9fbd771ffcdbd42,gmarket,svc_e4a6c04cbf9d9421,gmarket_auction,G마켓/옥션,UNRESOLVED,,https://www.auction.co.kr/,https://www.auction.co.kr/,[],403.0,옥션 - 쇼핑은 옥션,auction.co.kr,UNRESOLVED,WEB_SEARCH_CANDIDATE_THEN_ONSITE_VERIFICATION,https://www.auction.co.kr/ → HTTP 403 · 페이지 제목 '옥션 - 쇼핑은 옥션' · 등록도메인(PSL) auction.co.kr,exec-agent(C013) / 검색 후보 → 직접 접속 확인,LOW,MEDIUM,2026-08-26,NEEDS_HUMAN_REVIEW,"STATUS_UNRESOLVED,LANDING_NOT_SEEN_BOT_BLOCKED",True,False,False,"A1 원문 표기 'G마켓/옥션' 이 두 브랜드를 한 셀에 묶었는데, 두 브랜드는 각각 별개의 랜딩을 갖는다 — gmarket.co.kr 과 auction.co.kr 이고 PSL 로 판정한 등록도메인이 서로 다르다. 어느 한쪽을 이 measurement_entity 의 단일 공식 랜딩으로 고를 근거가 없다. 확인 불가를 제외로 바꾸지 않는다."
wtg_bbdefa2950f49882,google,svc_bbdefa2950f49882,google,Google,WEB_SERVICE,https://www.google.co.kr/,https://www.google.co.kr/,https://www.google.com/,"[{""status"": 301, ""from"": ""https://www.google.co.kr/"", ""to"": ""https://www.google.com/""}]",200.0,Google,google.com,WEB_SERVICE_LANDING,WEB_SEARCH_CANDIDATE_THEN_ONSITE_VERIFICATION,https://www.google.co.kr/ → HTTP 200 · 최종 URL https://www.google.com/ · 리다이렉트 1회 · 페이지 제목 'Google' · 등록도메인(PSL) google.com,exec-agent(C013) / 검색 후보 → 직접 접속 확인,HIGH,HIGH,2026-08-26,NEEDS_HUMAN_REVIEW,CROSS_REGISTERED_DOMAIN_REDIRECT,True,True,False,"검색 서비스 본체가 브라우저에서 동작한다. 국가 도메인이 글로벌 도메인으로 이동하는 것을 관측했고, 등록도메인이 바뀌므로 06 §3-3 에 따라 QA 큐로 보낸다."
wtg_fcf244c9ad878906,google_photos,svc_fcf244c9ad878906,google_photos,Google 포토,WEB_SERVICE,https://photos.google.com/,https://photos.google.com/,https://www.google.com/photos/about/,"[{""status"": 302, ""from"": ""https://photos.google.com/"", ""to"": ""https://www.google.com/photos/about/""}]",200.0,"Google Photos: Edit, Organize, Search, and Backup Your Photos",google.com,WEB_SERVICE_LANDING,WEB_SEARCH_CANDIDATE_THEN_ONSITE_VERIFICATION,"https://photos.google.com/ → HTTP 200 · 최종 URL https://www.google.com/photos/about/ · 리다이렉트 1회 · 페이지 제목 'Google Photos: Edit, Organize, Search, and Backup Your Photos' · 등록도메인(PSL) google.com",exec-agent(C013) / 검색 후보 → 직접 접속 확인,HIGH,HIGH,2026-08-26,REVIEWED,,True,False,False,사진 라이브러리 웹 애플리케이션의 진입점이다. 로그인하지 않은 우리 요청은 같은 등록도메인의 소개 경로로 이동했다 — 로그인 벽 앞의 랜딩이라는 뜻이지 웹 앱이 없다는 뜻이 아니다.
wtg_12e3942c0495b9a4,gs25,svc_12e3942c0495b9a4,gs25,GS25,RETAIL_OFFLINE_ONLY,https://www.gsretail.com/brand/gs25,https://www.gsretail.com/brand/gs25,https://www.gsretail.com/brand/gs25,[],200.0,GS Retail,gsretail.com,OFFICIAL_PRODUCT_PAGE,WEB_SEARCH_CANDIDATE_THEN_ONSITE_VERIFICATION,https://www.gsretail.com/brand/gs25 → HTTP 200 · 페이지 제목 'GS Retail' · 등록도메인(PSL) gsretail.com,exec-agent(C013) / 검색 후보 → 직접 접속 확인,HIGH,HIGH,2026-08-26,REVIEWED,,True,False,False,운영사 사이트의 편의점 브랜드 안내다. 카드 결제는 오프라인 점포에서 일어난다.
wtg_e268b0ad5a2d6ece,gs_homeshopping_gsshop,svc_e268b0ad5a2d6ece,gs_homeshopping_gsshop,GS홈쇼핑/GS Shop,WEB_SERVICE,https://www.gsshop.com/,https://www.gsshop.com/,https://www.gsshop.com:443/index.gs,"[{""status"": 301, ""from"": ""https://www.gsshop.com/"", ""to"": ""https://www.gsshop.com:443/index.gs""}]",200.0,GS SHOP - Style your daily life,gsshop.com,WEB_SERVICE_LANDING,WEB_SEARCH_CANDIDATE_THEN_ONSITE_VERIFICATION,https://www.gsshop.com/ → HTTP 200 · 최종 URL https://www.gsshop.com:443/index.gs · 리다이렉트 1회 · 페이지 제목 'GS SHOP - Style your daily life' · 등록도메인(PSL) gsshop.com,exec-agent(C013) / 검색 후보 → 직접 접속 확인,HIGH,HIGH,2026-08-26,REVIEWED,,True,False,False,홈쇼핑 온라인몰 본체다. 원문 표기의 두 이름(GS홈쇼핑 · GS Shop)은 같은 채널의 두 호칭이며 하나의 사이트로 귀결된다.
wtg_8fd5d30f8b1d707b,hana_bank,svc_8fd5d30f8b1d707b,hana_bank,하나은행,WEB_SERVICE,https://www.hanabank.com/,https://www.hanabank.com/,https://www.hanabank.com/,[],200.0,하나은행,hanabank.com,WEB_SERVICE_LANDING,WEB_SEARCH_CANDIDATE_THEN_ONSITE_VERIFICATION,https://www.hanabank.com/ → HTTP 200 · 페이지 제목 '하나은행' · 등록도메인(PSL) hanabank.com,exec-agent(C013) / 검색 후보 → 직접 접속 확인,HIGH,HIGH,2026-08-26,REVIEWED,,True,False,False,은행 웹 뱅킹 진입점이다. 조회·이체가 브라우저에서 일어난다.
wtg_5c614fc99631ce5e,home_and_shopping,svc_5c614fc99631ce5e,home_and_shopping,홈앤쇼핑,WEB_SERVICE,https://www.hnsmall.com/,https://www.hnsmall.com/,https://www.hnsmall.com/index.do,"[{""status"": 302, ""from"": ""https://www.hnsmall.com/"", ""to"": ""/index.do""}]",200.0,HOME & SHOPPING,hnsmall.com,WEB_SERVICE_LANDING,WEB_SEARCH_CANDIDATE_THEN_ONSITE_VERIFICATION,https://www.hnsmall.com/ → HTTP 200 · 최종 URL https://www.hnsmall.com/index.do · 리다이렉트 1회 · 페이지 제목 'HOME & SHOPPING' · 등록도메인(PSL) hnsmall.com,exec-agent(C013) / 검색 후보 → 직접 접속 확인,HIGH,HIGH,2026-08-26,REVIEWED,,True,False,False,홈쇼핑 온라인몰 본체다. 상품 탐색·구매가 브라우저에서 동작한다.
wtg_0ee385d0c964e560,homeplus,svc_0ee385d0c964e560,homeplus,홈플러스,WEB_SERVICE,https://mfront.homeplus.co.kr/,https://mfront.homeplus.co.kr/,https://mfront.homeplus.co.kr/,[],200.0,홈플러스 :: 당일배송 온라인 마트 장보기,homeplus.co.kr,WEB_SERVICE_LANDING,WEB_SEARCH_CANDIDATE_THEN_ONSITE_VERIFICATION,https://mfront.homeplus.co.kr/ → HTTP 200 · 페이지 제목 '홈플러스 :: 당일배송 온라인 마트 장보기' · 등록도메인(PSL) homeplus.co.kr,exec-agent(C013) / 검색 후보 → 직접 접속 확인,HIGH,HIGH,2026-08-26,REVIEWED,,True,False,False,브랜드의 소비자 거래 사이트다. 브랜드 도메인(www.homeplus.co.kr)이 같은 등록도메인 안에서 이 경로로 이동하는 것을 관측했다.
wtg_b728911c9782edb8,hyundai_card,svc_b728911c9782edb8,hyundai_card,현대카드,WEB_SERVICE,https://www.hyundaicard.com/,https://www.hyundaicard.com/,https://www.hyundaicard.com/,[],200.0,Index,hyundaicard.com,WEB_SERVICE_LANDING,WEB_SEARCH_CANDIDATE_THEN_ONSITE_VERIFICATION,https://www.hyundaicard.com/ → HTTP 200 · 페이지 제목 'Index' · 등록도메인(PSL) hyundaicard.com,exec-agent(C013) / 검색 후보 → 직접 접속 확인,HIGH,HIGH,2026-08-26,NEEDS_HUMAN_REVIEW,TITLE_DOES_NOT_NAME_BRAND,False,False,True,카드사 웹 서비스 진입점이다. 기본 TLS posture 로는 접속되지 않아(서버가 legacy renegotiation 을 요구) 호환 posture 로 한 번 더 시도해 200 을 받았다. 두 시도를 모두 기록했다.
wtg_ccb9754c97fa7341,hyundai_department_store,svc_ccb9754c97fa7341,hyundai_department_store,현대백화점,RETAIL_OFFLINE_ONLY,https://www.ehyundai.com/,https://www.ehyundai.com/,https://www.ehyundai.com/,[],200.0,현대백화점,ehyundai.com,OFFICIAL_PRODUCT_PAGE,WEB_SEARCH_CANDIDATE_THEN_ONSITE_VERIFICATION,https://www.ehyundai.com/ → HTTP 200 · 페이지 제목 '현대백화점' · 등록도메인(PSL) ehyundai.com,exec-agent(C013) / 검색 후보 → 직접 접속 확인,HIGH,HIGH,2026-08-26,NEEDS_HUMAN_REVIEW,SEPARATE_ONLINE_MALL_NOT_RESOLVED,True,False,False,백화점 점포·행사 안내 사이트다. 계열 온라인몰이 별도 등록도메인으로 존재하지만 이 브랜드 표기의 단일 거래 랜딩으로 확정할 근거를 얻지 못했다.
wtg_353f07b932464b82,hyundai_homeshopping_hmall,svc_353f07b932464b82,hyundai_homeshopping_hmall,현대홈쇼핑/현대Hmall,WEB_SERVICE,https://www.hmall.com/,https://www.hmall.com/,https://www.hmall.com/md/dpl/index,"[{""status"": 302, ""from"": ""https://www.hmall.com/"", ""to"": ""/md/dpl/index""}]",200.0,현대홈쇼핑 - 현대Hmall,hmall.com,WEB_SERVICE_LANDING,WEB_SEARCH_CANDIDATE_THEN_ONSITE_VERIFICATION,https://www.hmall.com/ → HTTP 200 · 최종 URL https://www.hmall.com/md/dpl/index · 리다이렉트 1회 · 페이지 제목 '현대홈쇼핑 - 현대Hmall' · 등록도메인(PSL) hmall.com,exec-agent(C013) / 검색 후보 → 직접 접속 확인,HIGH,HIGH,2026-08-26,REVIEWED,,True,False,False,홈쇼핑 온라인몰 본체다. 페이지 제목이 원문 표기의 두 이름을 그대로 이어 붙인 '현대홈쇼핑 - 현대Hmall' 이라 C012 의 MERGE 판정과도 어긋나지 않는다.
wtg_5ede56738376a8c5,instagram,svc_5ede56738376a8c5,instagram,Instagram,WEB_SERVICE,https://www.instagram.com/,https://www.instagram.com/,https://www.instagram.com/,[],200.0,Instagram,instagram.com,WEB_SERVICE_LANDING,WEB_SEARCH_CANDIDATE_THEN_ONSITE_VERIFICATION,https://www.instagram.com/ → HTTP 200 · 페이지 제목 'Instagram' · 등록도메인(PSL) instagram.com,exec-agent(C013) / 검색 후보 → 직접 접속 확인,HIGH,HIGH,2026-08-26,REVIEWED,,True,False,False,웹 클라이언트 진입점이다. 로그인 후 피드·검색·메시지가 브라우저에서 동작한다.
wtg_ccd84811932b237b,kakao_t,svc_ccd84811932b237b,kakao_t,카카오T,OFFICIAL_PRODUCT_PAGE,https://service.kakaomobility.com/launch/kakaot/,https://service.kakaomobility.com/launch/kakaot/,https://service.kakaomobility.com/launch/kakaot/,[],200.0,카카오 T | 카카오모빌리티,kakaomobility.com,OFFICIAL_PRODUCT_PAGE,WEB_SEARCH_CANDIDATE_THEN_ONSITE_VERIFICATION,https://service.kakaomobility.com/launch/kakaot/ → HTTP 200 · 페이지 제목 '카카오 T | 카카오모빌리티' · 등록도메인(PSL) kakaomobility.com,exec-agent(C013) / 검색 후보 → 직접 접속 확인,HIGH,HIGH,2026-08-26,REVIEWED,,True,False,False,운영사 서비스 소개 페이지다. 호출·결제는 앱에서만 일어난다.
wtg_f322b894ee95c181,kakaomap,svc_f322b894ee95c181,kakaomap,카카오맵,WEB_SERVICE,https://map.kakao.com/,https://map.kakao.com/,https://map.kakao.com/,[],200.0,카카오맵,kakao.com,WEB_SERVICE_LANDING,WEB_SEARCH_CANDIDATE_THEN_ONSITE_VERIFICATION,https://map.kakao.com/ → HTTP 200 · 페이지 제목 '카카오맵' · 등록도메인(PSL) kakao.com,exec-agent(C013) / 검색 후보 → 직접 접속 확인,HIGH,HIGH,2026-08-26,REVIEWED,,True,False,False,웹 지도 애플리케이션 자체다. 장소 검색·길찾기가 브라우저에서 동작한다.
wtg_699a5e2f3f410152,kakaotalk,svc_699a5e2f3f410152,kakaotalk,카카오톡,OFFICIAL_PRODUCT_PAGE,https://www.kakaocorp.com/page/service/service/KakaoTalk,https://www.kakaocorp.com/page/service/service/KakaoTalk,https://www.kakaocorp.com/page/service/service/KakaoTalk,[],200.0,카카오톡 서비스 소개 | 카카오,kakaocorp.com,OFFICIAL_PRODUCT_PAGE,WEB_SEARCH_CANDIDATE_THEN_ONSITE_VERIFICATION,https://www.kakaocorp.com/page/service/service/KakaoTalk → HTTP 200 · 페이지 제목 '카카오톡 서비스 소개 | 카카오' · 등록도메인(PSL) kakaocorp.com,exec-agent(C013) / 검색 후보 → 직접 접속 확인,HIGH,HIGH,2026-08-26,REVIEWED,,True,False,False,운영사 기업 사이트의 서비스 소개 페이지다. 브라우저에서 대화하는 웹 앱이 없고 페이지가 하는 일은 기능 소개와 설치 유도다. 카카오톡 전용 등록도메인도 아니다.
wtg_b8b226f9fe32539a,kb_pay,svc_b8b226f9fe32539a,kb_pay,KB Pay,OFFICIAL_PRODUCT_PAGE,https://card.kbcard.com/SVC/DVIEW/HSCMCXPRISVC0127,https://card.kbcard.com/SVC/DVIEW/HSCMCXPRISVC0127,https://card.kbcard.com/SVC/DVIEW/HSCMCXPRISVC0127,[],200.0,KB Pay 소개>KB Pay>결제서비스>서비스 | 국민의 행복생활 파트너 KB국민카드,kbcard.com,OFFICIAL_PRODUCT_PAGE,WEB_SEARCH_CANDIDATE_THEN_ONSITE_VERIFICATION,https://card.kbcard.com/SVC/DVIEW/HSCMCXPRISVC0127 → HTTP 200 · 페이지 제목 'KB Pay 소개>KB Pay>결제서비스>서비스 | 국민의 행복생활 파트너 KB국민카드' · 등록도메인(PSL) kbcard.com,exec-agent(C013) / 검색 후보 → 직접 접속 확인,HIGH,HIGH,2026-08-26,REVIEWED,,True,False,False,카드사 사이트 안의 KB Pay 소개 문서다. 결제 자체는 앱에서 일어난다.
wtg_e296af221a5f7128,kb_starbanking,svc_e296af221a5f7128,kb_starbanking,KB스타뱅킹,OFFICIAL_PRODUCT_PAGE,https://omoney.kbstar.com/quics?page=C028156,https://omoney.kbstar.com/quics?page=C028156,https://omoney.kbstar.com/quics?page=C028156,[],200.0,KB스타뱅킹 이용안내 ( 스마트금융서비스 | KB스타뱅킹 | 서비스 소개 | 서비스 소개 | KB스타뱅킹 이용안내 ),kbstar.com,OFFICIAL_PRODUCT_PAGE,WEB_SEARCH_CANDIDATE_THEN_ONSITE_VERIFICATION,https://omoney.kbstar.com/quics?page=C028156 → HTTP 200 · 페이지 제목 'KB스타뱅킹 이용안내 ( 스마트금융서비스 | KB스타뱅킹 | 서비스 소개 | 서비스 소개 | KB스타뱅킹 이용안내 )' · 등록도메인(PSL) kbstar.com,exec-agent(C013) / 검색 후보 → 직접 접속 확인,HIGH,HIGH,2026-08-26,REVIEWED,,True,False,False,은행 사이트 안의 KB스타뱅킹 **앱 이용안내** 페이지다. 은행의 웹 뱅킹은 별도 사이트이며 그것은 이 앱과 다른 채널이다.
wtg_9b353f64ce509d5a,korean_air,svc_9b353f64ce509d5a,korean_air,대한항공,UNRESOLVED,,https://www.koreanair.com/,,[],,,,UNRESOLVED,WEB_SEARCH_CANDIDATE_THEN_ONSITE_VERIFICATION,"https://www.koreanair.com/ — 접속 실패: ReadTimeout: HTTPSConnectionPool(host='www.koreanair.com', port=443): Read timed out. (read timeout=20)",exec-agent(C013) / 검색 후보 → 직접 접속 확인,LOW,LOW,2026-08-26,NEEDS_HUMAN_REVIEW,"STATUS_UNRESOLVED,NO_OBSERVATION",,False,False,탐색 단계에서 www.koreanair.com 이 공식 사이트로 지목됐으나 우리 요청은 20초·45초 두 번 모두 read timeout 으로 끝나 랜딩을 확인하지 못했다. 검색 결과만으로 확정하지 않는다(06 §3-2). 확인 불가를 제외로 바꾸지 않는다.
wtg_dd2cec4c1fa2beec,lotte_department_store,svc_dd2cec4c1fa2beec,lotte_department_store,롯데백화점,RETAIL_OFFLINE_ONLY,https://www.lotteshopping.com/main,https://www.lotteshopping.com/main,https://www.lotteshopping.com/main,[],200.0,롯데백화점,lotteshopping.com,OFFICIAL_PRODUCT_PAGE,WEB_SEARCH_CANDIDATE_THEN_ONSITE_VERIFICATION,https://www.lotteshopping.com/main → HTTP 200 · 페이지 제목 '롯데백화점' · 등록도메인(PSL) lotteshopping.com,exec-agent(C013) / 검색 후보 → 직접 접속 확인,HIGH,HIGH,2026-08-26,NEEDS_HUMAN_REVIEW,TRANSACTION_CHANNEL_IS_A_SECTION_OF_A_GROUP_MALL,True,False,False,백화점 점포·기업 안내 사이트다. 온라인 거래는 계열 통합몰 안의 한 관으로 존재해 브랜드 단독 거래 랜딩이 확정되지 않는다.
wtg_ef06dc942ef3ccc9,lotte_himart,svc_ef06dc942ef3ccc9,lotte_himart,롯데하이마트,WEB_SERVICE,https://www.e-himart.co.kr/,https://www.e-himart.co.kr/,https://www.e-himart.co.kr/,[],200.0,롯데하이마트 온라인쇼핑몰,e-himart.co.kr,WEB_SERVICE_LANDING,WEB_SEARCH_CANDIDATE_THEN_ONSITE_VERIFICATION,https://www.e-himart.co.kr/ → HTTP 200 · 페이지 제목 '롯데하이마트 온라인쇼핑몰' · 등록도메인(PSL) e-himart.co.kr,exec-agent(C013) / 검색 후보 → 직접 접속 확인,HIGH,HIGH,2026-08-26,REVIEWED,,True,False,False,브랜드의 소비자 거래 사이트다. 상품 탐색·구매가 브라우저에서 동작한다.
wtg_888d37f34b5d3aaa,lotte_homeshopping,svc_888d37f34b5d3aaa,lotte_homeshopping,롯데홈쇼핑,WEB_SERVICE,https://www.lotteimall.com/,https://www.lotteimall.com/,https://www.lotteimall.com/,[],200.0,,lotteimall.com,WEB_SERVICE_LANDING,WEB_SEARCH_CANDIDATE_THEN_ONSITE_VERIFICATION,https://www.lotteimall.com/ → HTTP 200 · 페이지 제목 미획득(봇 차단 또는 비HTML 응답) · 등록도메인(PSL) lotteimall.com,exec-agent(C013) / 검색 후보 → 직접 접속 확인,MEDIUM,MEDIUM,2026-08-26,REVIEWED,,,False,False,홈쇼핑 온라인몰 본체다. 초기 HTML 에 제목이 없어 제목 근거는 얻지 못했고 확인한 것은 응답과 등록도메인이다.
wtg_88cb7f1e54f26500,lotte_mart,svc_88cb7f1e54f26500,lotte_mart,롯데마트,RETAIL_OFFLINE_ONLY,https://company.lottemart.com/,https://company.lottemart.com/,https://company.lottemart.com/,[],200.0,롯데마트 & 롯데슈퍼 공식홈페이지 | LOTTE Mart,lottemart.com,OFFICIAL_PRODUCT_PAGE,WEB_SEARCH_CANDIDATE_THEN_ONSITE_VERIFICATION,https://company.lottemart.com/ → HTTP 200 · 페이지 제목 '롯데마트 & 롯데슈퍼 공식홈페이지 | LOTTE Mart' · 등록도메인(PSL) lottemart.com,exec-agent(C013) / 검색 후보 → 직접 접속 확인,HIGH,HIGH,2026-08-26,NEEDS_HUMAN_REVIEW,TRANSACTION_CHANNEL_SPLIT_ACROSS_TWO_SITES,True,False,False,브랜드·점포 안내 사이트다. 온라인 거래 채널이 계열 통합몰의 한 관과 별도 브랜드 몰로 나뉘어 있어 이 표기의 단일 거래 랜딩이 확정되지 않는다.
wtg_e7bb158c1c8d9fe7,market_kurly,svc_e7bb158c1c8d9fe7,market_kurly,마켓컬리,WEB_SERVICE,https://www.kurly.com/,https://www.kurly.com/,https://www.kurly.com/main,"[{""status"": 308, ""from"": ""https://www.kurly.com/"", ""to"": ""/main""}]",200.0,컬리 - 마켓컬리/뷰티컬리,kurly.com,WEB_SERVICE_LANDING,WEB_SEARCH_CANDIDATE_THEN_ONSITE_VERIFICATION,https://www.kurly.com/ → HTTP 200 · 최종 URL https://www.kurly.com/main · 리다이렉트 1회 · 페이지 제목 '컬리 - 마켓컬리/뷰티컬리' · 등록도메인(PSL) kurly.com,exec-agent(C013) / 검색 후보 → 직접 접속 확인,HIGH,HIGH,2026-08-26,REVIEWED,,True,False,False,온라인 장보기 서비스 본체다. 상품 탐색·구매가 브라우저에서 동작한다.
wtg_ea031f85e857140e,mega_coffee,svc_ea031f85e857140e,mega_coffee,메가커피,RETAIL_OFFLINE_ONLY,https://www.mega-mgccoffee.com/,https://www.mega-mgccoffee.com/,https://www.mega-mgccoffee.com/,[],200.0,메가MGC커피,mega-mgccoffee.com,OFFICIAL_PRODUCT_PAGE,WEB_SEARCH_CANDIDATE_THEN_ONSITE_VERIFICATION,https://www.mega-mgccoffee.com/ → HTTP 200 · 페이지 제목 '메가MGC커피' · 등록도메인(PSL) mega-mgccoffee.com,exec-agent(C013) / 검색 후보 → 직접 접속 확인,HIGH,HIGH,2026-08-26,NEEDS_HUMAN_REVIEW,TITLE_DOES_NOT_NAME_BRAND,False,False,False,매장·메뉴 안내 중심의 브랜드 사이트다. 카드 결제는 오프라인 매장에서 일어난다. 페이지 제목의 공식 브랜드명이 A1 원문 표기('메가커피')와 달라 identity 확인이 필요하다.
wtg_d5ae5426eac23877,monimo,svc_d5ae5426eac23877,monimo,모니모,OFFICIAL_PRODUCT_PAGE,https://www.monimo.com/,https://www.monimo.com/,https://www.monimo.com/,[],200.0,모니모 - monimo,monimo.com,OFFICIAL_PRODUCT_PAGE,WEB_SEARCH_CANDIDATE_THEN_ONSITE_VERIFICATION,https://www.monimo.com/ → HTTP 200 · 페이지 제목 '모니모 - monimo' · 등록도메인(PSL) monimo.com,exec-agent(C013) / 검색 후보 → 직접 접속 확인,HIGH,HIGH,2026-08-26,NEEDS_HUMAN_REVIEW,WEB_APP_ENTRY_NOT_CONFIRMED_JS_RENDERED,True,False,False,운영사 소유 도메인의 브랜드 페이지임을 확인했다. 다만 JS 렌더링이라 초기 응답에서 웹 애플리케이션 진입점인지까지는 확인하지 못했다 — 관측한 범위에서는 소개 페이지다.
wtg_ed7b9bea21def8f8,my_files,svc_ed7b9bea21def8f8,my_files,내 파일,SYSTEM_APP,,https://galaxystore.samsung.com/detail/com.sec.android.app.myfiles?langCd=ko,https://galaxystore.samsung.com/detail/com.sec.android.app.myfiles?langCd=ko,[],200.0,내 파일,samsung.com,APP_ONLY,WEB_SEARCH_CANDIDATE_THEN_ONSITE_VERIFICATION,https://galaxystore.samsung.com/detail/com.sec.android.app.myfiles?langCd=ko → HTTP 200 · 페이지 제목 '내 파일' · 등록도메인(PSL) samsung.com,exec-agent(C013) / 검색 후보 → 직접 접속 확인,HIGH,HIGH,2026-08-26,REVIEWED,,True,False,False,"단말 파일 관리 구성요소로, 확인된 것은 제조사 스토어 등록 페이지와 고객지원 문서뿐이다. 공개 웹 랜딩 개념이 성립하지 않는다."
wtg_6d5510a695d0a614,naver,svc_8349e143ed01f677,naver_app,네이버,WEB_SERVICE,https://www.naver.com/,https://www.naver.com/,https://www.naver.com/,[],200.0,NAVER,naver.com,WEB_SERVICE_LANDING,WEB_SEARCH_CANDIDATE_THEN_ONSITE_VERIFICATION,https://www.naver.com/ → HTTP 200 · 페이지 제목 'NAVER' · 등록도메인(PSL) naver.com,exec-agent(C013) / 검색 후보 → 직접 접속 확인,HIGH,HIGH,2026-08-26,REVIEWED,,True,False,False,포털 서비스 본체가 브라우저에서 그대로 동작한다.
wtg_efda6e0b8457d63c,naver_map,svc_efda6e0b8457d63c,naver_map,네이버지도,WEB_SERVICE,https://map.naver.com/,https://map.naver.com/,https://map.naver.com/p/,"[{""status"": 301, ""from"": ""https://map.naver.com/"", ""to"": ""https://map.naver.com/p/""}]",200.0,,naver.com,WEB_SERVICE_LANDING,WEB_SEARCH_CANDIDATE_THEN_ONSITE_VERIFICATION,https://map.naver.com/ → HTTP 200 · 최종 URL https://map.naver.com/p/ · 리다이렉트 1회 · 페이지 제목 미획득(봇 차단 또는 비HTML 응답) · 등록도메인(PSL) naver.com,exec-agent(C013) / 검색 후보 → 직접 접속 확인,MEDIUM,MEDIUM,2026-08-26,REVIEWED,,,False,False,"웹 지도 애플리케이션 자체다. 초기 HTML 에 제목이 없는 JS 앱이라 제목 근거는 얻지 못했고, 확인한 것은 응답과 최종 경로다."
wtg_6d5510a695d0a614,naver,svc_7ce399cd76c70efa,naver_naverpay,네이버/네이버페이,UNRESOLVED,,https://pay.naver.com/,https://nid.naver.com/nidlogin.login?url=http%3A%2F%2Fpay.naver.com%2Fpc%2Fhistory,"[{""status"": 307, ""from"": ""https://pay.naver.com/"", ""to"": ""https://pay.naver.com/pc""}, {""status"": 307, ""from"": ""https://pay.naver.com/pc"", ""to"": ""https://pay.naver.com/pc/history""}, {""status"": 302, ""from"": ""https://pay.naver.com/pc/history"", ""to"": ""https://nid.naver.com/nidlogin.login?url=http%3A%2F%2Fpay.naver.com%2Fpc%2Fhistory""}]",200.0,NAVER 로그인,naver.com,UNRESOLVED,WEB_SEARCH_CANDIDATE_THEN_ONSITE_VERIFICATION,https://pay.naver.com/ → HTTP 200 · 최종 URL https://nid.naver.com/nidlogin.login?url=http%3A%2F%2Fpay.naver.com%2Fpc%2Fhistory · 리다이렉트 3회 · 페이지 제목 'NAVER 로그인' · 등록도메인(PSL) naver.com,exec-agent(C013) / 검색 후보 → 직접 접속 확인,LOW,HIGH,2026-08-26,NEEDS_HUMAN_REVIEW,STATUS_UNRESOLVED,True,False,False,"A1 원문 표기 '네이버/네이버페이' 가 두 브랜드를 한 셀에 묶었는데, 두 브랜드의 랜딩은 서로 다른 호스트다 — 포털은 www.naver.com, 결제는 pay.naver.com 이고 후자는 로그인 벽으로 이동한다. 등록도메인은 같지만 랜딩 경험이 다르고 운영 주체도 갈린다. 어느 한쪽을 단일 공식 랜딩으로 고를 근거가 없다."
wtg_7594fc1d91ec9188,nc_dept_newcore_outlet,svc_7594fc1d91ec9188,nc_dept_newcore_outlet,NC백화점/뉴코아아울렛,RETAIL_OFFLINE_ONLY,https://www.elandretail.com/,https://www.elandretail.com/,https://www.elandretail.com/,[],200.0,ELAND RETAIL,elandretail.com,OFFICIAL_PRODUCT_PAGE,WEB_SEARCH_CANDIDATE_THEN_ONSITE_VERIFICATION,https://www.elandretail.com/ → HTTP 200 · 페이지 제목 'ELAND RETAIL' · 등록도메인(PSL) elandretail.com,exec-agent(C013) / 검색 후보 → 직접 접속 확인,HIGH,HIGH,2026-08-26,REVIEWED,,True,False,False,운영사 사이트이며 원문 표기의 두 브랜드(NC백화점 · 뉴코아아울렛)가 같은 사이트로 귀결된다. 카드 결제는 오프라인 점포에서 일어난다.
wtg_13ed070478ef62c3,netflix,svc_13ed070478ef62c3,netflix,Netflix,WEB_SERVICE,https://www.netflix.com/,https://www.netflix.com/,https://www.netflix.com/kr/,"[{""status"": 302, ""from"": ""https://www.netflix.com/"", ""to"": ""https://www.netflix.com/kr/""}]",200.0,넷플릭스 대한민국 - 인터넷으로 시리즈와 영화를 시청하세요,netflix.com,WEB_SERVICE_LANDING,WEB_SEARCH_CANDIDATE_THEN_ONSITE_VERIFICATION,https://www.netflix.com/ → HTTP 200 · 최종 URL https://www.netflix.com/kr/ · 리다이렉트 1회 · 페이지 제목 '넷플릭스 대한민국 - 인터넷으로 시리즈와 영화를 시청하세요' · 등록도메인(PSL) netflix.com,exec-agent(C013) / 검색 후보 → 직접 접속 확인,HIGH,HIGH,2026-08-26,NEEDS_HUMAN_REVIEW,TITLE_DOES_NOT_NAME_BRAND,False,False,False,웹 플레이어 진입점이다. 로그인 후 브라우저에서 재생이 일어난다.
wtg_fb3d1841dddfd982,nh_cok_bank,svc_fb3d1841dddfd982,nh_cok_bank,NH콕뱅크,UNRESOLVED,,https://banking.nonghyup.com/nhbank.html,https://banking.nonghyup.com/nhbank.html,[],200.0,NH Bank - 농협인터넷뱅킹,nonghyup.com,UNRESOLVED,WEB_SEARCH_CANDIDATE_THEN_ONSITE_VERIFICATION,https://banking.nonghyup.com/nhbank.html → HTTP 200 · 페이지 제목 'NH Bank - 농협인터넷뱅킹' · 등록도메인(PSL) nonghyup.com,exec-agent(C013) / 검색 후보 → 직접 접속 확인,LOW,HIGH,2026-08-26,NEEDS_HUMAN_REVIEW,STATUS_UNRESOLVED,True,False,False,"NH콕뱅크 전용 공식 랜딩을 찾지 못했다. 확인된 운영사 웹 자산은 농협은행 인터넷뱅킹 사이트인데, 콕뱅크는 상호금융(지역농축협) 앱이라 같은 서비스로 볼 근거가 없다. 도메인이 같다는 이유로 붙이면 06 §4-2 가 경고한 identity 오탐이 된다. 확인 불가를 제외로 바꾸지 않는다."
wtg_95967b50683649f2,nh_smart_banking,svc_95967b50683649f2,nh_smart_banking,NH스마트뱅킹,WEB_SERVICE,https://banking.nonghyup.com/nhbank.html,https://banking.nonghyup.com/nhbank.html,https://banking.nonghyup.com/nhbank.html,[],200.0,NH Bank - 농협인터넷뱅킹,nonghyup.com,WEB_SERVICE_LANDING,WEB_SEARCH_CANDIDATE_THEN_ONSITE_VERIFICATION,https://banking.nonghyup.com/nhbank.html → HTTP 200 · 페이지 제목 'NH Bank - 농협인터넷뱅킹' · 등록도메인(PSL) nonghyup.com,exec-agent(C013) / 검색 후보 → 직접 접속 확인,HIGH,HIGH,2026-08-26,NEEDS_HUMAN_REVIEW,"TITLE_DOES_NOT_NAME_BRAND,APP_TO_WEB_COUNTERPART_IDENTITY",False,False,False,농협은행 인터넷뱅킹 진입점이며 앱과 같은 조회·이체 기능을 브라우저에서 수행한다. 다만 '앱 이름' 과 '은행 웹 채널' 을 같은 서비스로 본 판정이므로 identity 를 사람이 한 번 봐야 한다.
wtg_517b8047eb5be716,nonghyup_hanaro_mart,svc_517b8047eb5be716,nonghyup_hanaro_mart,농협하나로마트,RETAIL_OFFLINE_ONLY,https://www.nhhanaro.co.kr/,https://www.nhhanaro.co.kr/,https://www.nhhanaro.co.kr/,"[{""status"": 302, ""from"": ""https://www.nhhanaro.co.kr/"", ""to"": ""/""}]",200.0,main,nhhanaro.co.kr,OFFICIAL_PRODUCT_PAGE,WEB_SEARCH_CANDIDATE_THEN_ONSITE_VERIFICATION,https://www.nhhanaro.co.kr/ → HTTP 200 · 리다이렉트 1회 · 페이지 제목 'main' · 등록도메인(PSL) nhhanaro.co.kr,exec-agent(C013) / 검색 후보 → 직접 접속 확인,HIGH,HIGH,2026-08-26,NEEDS_HUMAN_REVIEW,TITLE_DOES_NOT_NAME_BRAND,False,False,False,하나로마트 브랜드 사이트다. 카드 결제는 오프라인 점포에서 일어난다. 페이지 제목이 브랜드명을 담고 있지 않아 identity 확인이 필요하다.
wtg_95e22b9aff7196b3,ns_homeshopping,svc_95e22b9aff7196b3,ns_homeshopping,NS홈쇼핑,WEB_SERVICE,https://www.nsmall.com/,https://www.nsmall.com/,https://www.nsmall.com/,[],200.0,NS홈쇼핑 - 건강한 아이디어,nsmall.com,WEB_SERVICE_LANDING,WEB_SEARCH_CANDIDATE_THEN_ONSITE_VERIFICATION,https://www.nsmall.com/ → HTTP 200 · 페이지 제목 'NS홈쇼핑 - 건강한 아이디어' · 등록도메인(PSL) nsmall.com,exec-agent(C013) / 검색 후보 → 직접 접속 확인,HIGH,HIGH,2026-08-26,REVIEWED,,True,False,False,홈쇼핑 온라인몰 본체다. 상품 탐색·구매가 브라우저에서 동작한다.
wtg_8d71ef6dc3fca6b0,paris_baguette_pariscroissant,svc_8d71ef6dc3fca6b0,paris_baguette_pariscroissant,파리바게뜨/파리크라상,RETAIL_OFFLINE_ONLY,https://www.paris.co.kr/,https://www.paris.co.kr/,https://www.paris.co.kr/,[],200.0,파리바게뜨,paris.co.kr,OFFICIAL_PRODUCT_PAGE,WEB_SEARCH_CANDIDATE_THEN_ONSITE_VERIFICATION,https://www.paris.co.kr/ → HTTP 200 · 페이지 제목 '파리바게뜨' · 등록도메인(PSL) paris.co.kr,exec-agent(C013) / 검색 후보 → 직접 접속 확인,HIGH,HIGH,2026-08-26,REVIEWED,,True,False,False,제과 브랜드의 메뉴·매장 안내 사이트이며 원문 표기의 두 이름이 같은 사이트로 귀결된다. 카드 결제는 오프라인 매장에서 일어난다.
wtg_ad44f9ade6b9b551,samsung_calculator,svc_ad44f9ade6b9b551,samsung_calculator,삼성 계산기,SYSTEM_APP,,https://galaxystore.samsung.com/detail/com.sec.android.app.popupcalculator?langCd=ko,https://galaxystore.samsung.com/detail/com.sec.android.app.popupcalculator?langCd=ko,[],200.0,계산기,samsung.com,APP_ONLY,WEB_SEARCH_CANDIDATE_THEN_ONSITE_VERIFICATION,https://galaxystore.samsung.com/detail/com.sec.android.app.popupcalculator?langCd=ko → HTTP 200 · 페이지 제목 '계산기' · 등록도메인(PSL) samsung.com,exec-agent(C013) / 검색 후보 → 직접 접속 확인,HIGH,HIGH,2026-08-26,REVIEWED,,True,False,False,"단말 기본 유틸리티로, 확인된 것은 제조사 스토어 등록 페이지와 제3자 스토어 등록 페이지뿐이다. 공개 웹 랜딩 개념이 성립하지 않는다."
wtg_088809bf9b31bc6a,samsung_card,svc_088809bf9b31bc6a,samsung_card,삼성카드,WEB_SERVICE,https://www.samsungcard.com/,https://www.samsungcard.com/,https://www.samsungcard.com/,[],200.0,삼성카드,samsungcard.com,WEB_SERVICE_LANDING,WEB_SEARCH_CANDIDATE_THEN_ONSITE_VERIFICATION,https://www.samsungcard.com/ → HTTP 200 · 페이지 제목 '삼성카드' · 등록도메인(PSL) samsungcard.com,exec-agent(C013) / 검색 후보 → 직접 접속 확인,HIGH,HIGH,2026-08-26,REVIEWED,,True,False,False,카드사 웹 서비스 진입점이다. 이용내역 조회·카드 신청이 브라우저에서 일어난다.
wtg_ff3ee504792f6cfc,samsung_internet_browser,svc_ff3ee504792f6cfc,samsung_internet_browser,삼성 인터넷 브라우저,OFFICIAL_PRODUCT_PAGE,https://www.samsung.com/sec/apps/samsung-browser/,https://www.samsung.com/sec/apps/samsung-browser/,https://www.samsung.com/sec/apps/samsung-browser/,[],200.0,삼성 브라우저 | 앱 & 서비스 | Samsung 대한민국,samsung.com,OFFICIAL_PRODUCT_PAGE,WEB_SEARCH_CANDIDATE_THEN_ONSITE_VERIFICATION,https://www.samsung.com/sec/apps/samsung-browser/ → HTTP 200 · 페이지 제목 '삼성 브라우저 | 앱 & 서비스 | Samsung 대한민국' · 등록도메인(PSL) samsung.com,exec-agent(C013) / 검색 후보 → 직접 접속 확인,HIGH,HIGH,2026-08-26,REVIEWED,,True,False,False,제조사 공식 앱 소개 페이지다. 06 §2-3 의 두 번째 경로로 선탑재 가설을 해소한다 — 랜딩이 없는 것이 아니라 소개 페이지가 있는 것이다.
wtg_2cd43b99c1ed87cf,samsung_notes,svc_2cd43b99c1ed87cf,samsung_notes,삼성 노트,OFFICIAL_PRODUCT_PAGE,https://www.samsung.com/sec/apps/samsung-notes/,https://www.samsung.com/sec/apps/samsung-notes/,https://www.samsung.com/sec/apps/samsung-notes/,[],200.0,Samsung Notes | Apps & Services | Samsung 대한민국,samsung.com,OFFICIAL_PRODUCT_PAGE,WEB_SEARCH_CANDIDATE_THEN_ONSITE_VERIFICATION,https://www.samsung.com/sec/apps/samsung-notes/ → HTTP 200 · 페이지 제목 'Samsung Notes | Apps & Services | Samsung 대한민국' · 등록도메인(PSL) samsung.com,exec-agent(C013) / 검색 후보 → 직접 접속 확인,HIGH,HIGH,2026-08-26,REVIEWED,,True,False,False,제조사 공식 앱 소개 페이지다. 메모 작성은 앱에서만 일어난다.
wtg_dd5061eb74e2d4d4,samsung_wallet,svc_dd5061eb74e2d4d4,samsung_wallet,삼성 월렛,OFFICIAL_PRODUCT_PAGE,https://www.samsung.com/sec/apps/samsung-wallet/,https://www.samsung.com/sec/apps/samsung-wallet/,https://www.samsung.com/sec/apps/samsung-wallet/,[],200.0,Samsung Wallet ㅣ Samsung 대한민국,samsung.com,OFFICIAL_PRODUCT_PAGE,WEB_SEARCH_CANDIDATE_THEN_ONSITE_VERIFICATION,https://www.samsung.com/sec/apps/samsung-wallet/ → HTTP 200 · 페이지 제목 'Samsung Wallet ㅣ Samsung 대한민국' · 등록도메인(PSL) samsung.com,exec-agent(C013) / 검색 후보 → 직접 접속 확인,HIGH,HIGH,2026-08-26,REVIEWED,,True,False,False,제조사 공식 앱 소개 페이지다. 결제·카드 등록은 앱에서만 일어난다.
wtg_8195b68ac17e42a3,seven_eleven,svc_8195b68ac17e42a3,seven_eleven,세븐일레븐,RETAIL_OFFLINE_ONLY,https://www.7-eleven.co.kr/,https://www.7-eleven.co.kr/,https://www.7-eleven.co.kr/,[],200.0,"Life Changing Experience, 고객의 마음속 첫번째 편의점 세븐일레븐",7-eleven.co.kr,OFFICIAL_PRODUCT_PAGE,WEB_SEARCH_CANDIDATE_THEN_ONSITE_VERIFICATION,"https://www.7-eleven.co.kr/ → HTTP 200 · 페이지 제목 'Life Changing Experience, 고객의 마음속 첫번째 편의점 세븐일레븐' · 등록도메인(PSL) 7-eleven.co.kr",exec-agent(C013) / 검색 후보 → 직접 접속 확인,HIGH,HIGH,2026-08-26,REVIEWED,,True,False,False,편의점 브랜드의 점포·행사 안내 사이트다. 카드 결제는 오프라인 점포에서 일어난다.
wtg_64d30ef262d8782d,shinhan_sol_bank,svc_64d30ef262d8782d,shinhan_sol_bank,신한 SOL뱅크,WEB_SERVICE,https://bank.shinhan.com/,https://bank.shinhan.com/,https://bank.shinhan.com/,[],200.0,Shinhan Bank,shinhan.com,WEB_SERVICE_LANDING,WEB_SEARCH_CANDIDATE_THEN_ONSITE_VERIFICATION,https://bank.shinhan.com/ → HTTP 200 · 페이지 제목 'Shinhan Bank' · 등록도메인(PSL) shinhan.com,exec-agent(C013) / 검색 후보 → 직접 접속 확인,HIGH,HIGH,2026-08-26,NEEDS_HUMAN_REVIEW,APP_TO_WEB_COUNTERPART_IDENTITY,True,False,False,은행 웹 뱅킹 진입점이며 앱과 같은 조회·이체 기능을 브라우저에서 수행한다. 앱 이름과 은행 웹 채널을 같은 서비스로 본 판정이라 identity 확인이 필요하다.
wtg_fdce1294fac3dfdb,shinsegae_department_store,svc_fdce1294fac3dfdb,shinsegae_department_store,신세계백화점,RETAIL_OFFLINE_ONLY,https://www.shinsegae.com/index.do,https://www.shinsegae.com/index.do,https://www.shinsegae.com/index.do,[],200.0,신세계백화점,shinsegae.com,OFFICIAL_PRODUCT_PAGE,WEB_SEARCH_CANDIDATE_THEN_ONSITE_VERIFICATION,https://www.shinsegae.com/index.do → HTTP 200 · 페이지 제목 '신세계백화점' · 등록도메인(PSL) shinsegae.com,exec-agent(C013) / 검색 후보 → 직접 접속 확인,HIGH,HIGH,2026-08-26,NEEDS_HUMAN_REVIEW,SEPARATE_ONLINE_MALL_NOT_RESOLVED,True,False,False,백화점 점포·행사 안내 사이트다. 계열 온라인몰이 별도 등록도메인으로 존재하지만 이 브랜드 표기의 단일 거래 랜딩으로 확정할 근거를 얻지 못했다.
wtg_5beeafeac2e27eae,tiktok,svc_5beeafeac2e27eae,tiktok,TikTok,WEB_SERVICE,https://www.tiktok.com/,https://www.tiktok.com/,https://www.tiktok.com/,[],200.0,,tiktok.com,WEB_SERVICE_LANDING,WEB_SEARCH_CANDIDATE_THEN_ONSITE_VERIFICATION,https://www.tiktok.com/ → HTTP 200 · 페이지 제목 미획득(봇 차단 또는 비HTML 응답) · 등록도메인(PSL) tiktok.com,exec-agent(C013) / 검색 후보 → 직접 접속 확인,MEDIUM,MEDIUM,2026-08-26,REVIEWED,,,False,False,웹 클라이언트 진입점이며 브라우저에서 영상 재생이 동작한다. 초기 HTML 에 제목이 없는 JS 앱이라 제목 근거는 얻지 못했다.
wtg_ddb7aefefe0273b4,tiktok_lite,svc_ddb7aefefe0273b4,tiktok_lite,TikTok Lite,APP_ONLY,,https://ads.tiktok.com/help/article/about-tiktok-lite-japan-and-korea,https://ads.tiktok.com/resources/help/article/about-tiktok-lite-japan-and-korea,"[{""status"": 301, ""from"": ""https://ads.tiktok.com/help/article/about-tiktok-lite-japan-and-korea"", ""to"": ""/resources/help/article/about-tiktok-lite-japan-and-korea""}]",200.0,About TikTok Lite in Japan and Korea | TikTok For Business,tiktok.com,APP_ONLY,WEB_SEARCH_CANDIDATE_THEN_ONSITE_VERIFICATION,https://ads.tiktok.com/help/article/about-tiktok-lite-japan-and-korea → HTTP 200 · 최종 URL https://ads.tiktok.com/resources/help/article/about-tiktok-lite-japan-and-korea · 리다이렉트 1회 · 페이지 제목 'About TikTok Lite in Japan and Korea | TikTok For Business' · 등록도메인(PSL) tiktok.com,exec-agent(C013) / 검색 후보 → 직접 접속 확인,HIGH,HIGH,2026-08-26,REVIEWED,,True,False,False,운영사 문서가 한국·일본 한정 앱임을 설명할 뿐 소비자용 웹 랜딩이 없다. 확인된 나머지는 제3자 스토어 등록 페이지다.
wtg_60d4d22e3809f780,tmap,svc_60d4d22e3809f780,tmap,티맵,OFFICIAL_PRODUCT_PAGE,https://www.tmapmobility.com/,https://www.tmapmobility.com/,https://www.tmapmobility.com/,[],200.0,TMAP MOBILITY,tmapmobility.com,OFFICIAL_PRODUCT_PAGE,WEB_SEARCH_CANDIDATE_THEN_ONSITE_VERIFICATION,https://www.tmapmobility.com/ → HTTP 200 · 페이지 제목 'TMAP MOBILITY' · 등록도메인(PSL) tmapmobility.com,exec-agent(C013) / 검색 후보 → 직접 접속 확인,HIGH,HIGH,2026-08-26,REVIEWED,,True,False,False,운영사 서비스 소개 사이트다. 브라우저에서 쓰는 웹 지도·내비게이션이 없다. 브랜드 도메인(tmap.co.kr)이 이 사이트로 이동하는 것도 관측했다.
wtg_0f3bdb2bd0bb891e,top_mart,svc_0f3bdb2bd0bb891e,top_mart,탑마트,RETAIL_OFFLINE_ONLY,https://www.seowon.com/,https://www.seowon.com/,https://www.seowon.com/,[],200.0,서원유통,seowon.com,OFFICIAL_PRODUCT_PAGE,WEB_SEARCH_CANDIDATE_THEN_ONSITE_VERIFICATION,https://www.seowon.com/ → HTTP 200 · 페이지 제목 '서원유통' · 등록도메인(PSL) seowon.com,exec-agent(C013) / 검색 후보 → 직접 접속 확인,HIGH,HIGH,2026-08-26,NEEDS_HUMAN_REVIEW,TITLE_DOES_NOT_NAME_BRAND,False,False,False,확인된 공식 웹 자산은 운영사(서원유통) 사이트이며 그 안에 점포 목록이 있다. 탑마트 브랜드 단독 랜딩은 확인되지 않았고 페이지 제목도 브랜드명을 담지 않는다 — identity 확인이 필요하다. 카드 결제는 오프라인 점포에서 일어난다.
wtg_35319a420294ee17,toss,svc_35319a420294ee17,toss,토스,OFFICIAL_PRODUCT_PAGE,https://toss.im/,https://toss.im/,https://toss.im/,[],200.0,토스,toss.im,OFFICIAL_PRODUCT_PAGE,WEB_SEARCH_CANDIDATE_THEN_ONSITE_VERIFICATION,https://toss.im/ → HTTP 200 · 페이지 제목 '토스' · 등록도메인(PSL) toss.im,exec-agent(C013) / 검색 후보 → 직접 접속 확인,HIGH,HIGH,2026-08-26,REVIEWED,,True,False,False,브랜드 소개 페이지이며 송금·조회 같은 핵심 기능은 앱에서만 일어난다.
wtg_190b4501e4415d5e,v3_mobile_plus,svc_190b4501e4415d5e,v3_mobile_plus,V3 Mobile Plus,OFFICIAL_PRODUCT_PAGE,https://www.ahnlab.com/ko/product/v3-mobile-plus,https://www.ahnlab.com/ko/product/v3-mobile-plus,https://www.ahnlab.com/ko/product/v3-mobile-plus,[],200.0,모바일 금융 보안 솔루션 | V3 Mobile Plus,ahnlab.com,OFFICIAL_PRODUCT_PAGE,WEB_SEARCH_CANDIDATE_THEN_ONSITE_VERIFICATION,https://www.ahnlab.com/ko/product/v3-mobile-plus → HTTP 200 · 페이지 제목 '모바일 금융 보안 솔루션 | V3 Mobile Plus' · 등록도메인(PSL) ahnlab.com,exec-agent(C013) / 검색 후보 → 직접 접속 확인,HIGH,HIGH,2026-08-26,REVIEWED,,True,False,False,운영사 제품 소개 페이지다. 보안 검사는 단말 앱에서만 일어난다.
wtg_24e6654bfd1ab85b,youtube,svc_24e6654bfd1ab85b,youtube,YouTube,WEB_SERVICE,https://www.youtube.com/,https://www.youtube.com/,https://www.youtube.com/,[],200.0,YouTube,youtube.com,WEB_SERVICE_LANDING,WEB_SEARCH_CANDIDATE_THEN_ONSITE_VERIFICATION,https://www.youtube.com/ → HTTP 200 · 페이지 제목 'YouTube' · 등록도메인(PSL) youtube.com,exec-agent(C013) / 검색 후보 → 직접 접속 확인,HIGH,HIGH,2026-08-26,REVIEWED,,True,False,False,웹 플레이어 본체다. 탐색·재생이 브라우저에서 그대로 동작한다.
