web_target_group_id,web_target_key,member_service_ids,member_canonical_keys,member_count,member_domains,member_review_decisions,grouping_status,grouping_basis,expected_url_relationship,expected_url_relationship_basis,expected_url_relationship_is_hypothesis,expected_url_relationship_confirmed_by_url,expected_url_relationship_falsifier,expected_url_relationship_risk,web_target_url,url_evidence,hypothesis_outcome,hypothesis_outcome_basis,url_reviewed_at,url_reviewer
wtg_5b8c59f6fd9839f7,coupang,"svc_79cd0e07c1eac5dc,svc_e22ebedb0e6c205f","coupang_app,coupang_retail",2,"APP,RETAIL","KEEP_SEPARATE,KEEP_SEPARATE",CONFIRMED_SHARED_TARGET,"{""evidence_layer"": ""A1_SOURCE_LABEL"", ""note"": ""원문이 APP 과 RETAIL 양쪽에서 동일하게 '쿠팡' 으로 표기했다. 같은 브랜드의 랜딩 URL 이 하나일 가능성이 높지만 URL 을 확인하지 않았다."", ""rule"": ""SHARED_SOURCE_LABEL_SIGNAL"", ""shared_signal"": ""쿠팡"", ""signal_kind"": ""IDENTICAL_SOURCE_LABEL"", ""url_evidence"": null}",SAME_LANDING_EXPECTED,A1 원문이 APP 패널(fig01_t1 rank7 / fig01_t2 rank10)과 RETAIL 패널(fig06_t1 rank1 / fig06_t2 rank1 / fig09_t1 rank5)에서 같은 문자열 '쿠팡' 을 썼다. 표기가 문자 단위로 동일한 유일한 후보다.,True,True,두 measurement_entity 의 official_landing_url 이 서로 다른 PSL 등록도메인으로 확정되면 SPLIT 한다.,표기 동일성은 랜딩 동일성의 증거가 아니다. 같은 브랜드가 앱 소개 페이지와 커머스 랜딩을 따로 두는 경우 두 entity 의 URL 이 갈릴 수 있다.,https://www.coupang.com/,https://www.coupang.com/ → HTTP 403 · 페이지 제목 'Access Denied' · 등록도메인(PSL) coupang.com,CONFIRMED_SAME_LANDING,"member ['coupang_app', 'coupang_retail'] 의 확정 랜딩이 모두 https://www.coupang.com/ 로 같다. SAME_LANDING_EXPECTED 가설이 URL 로 확인됐다 — 이 그룹은 관측을 1회만 한다.",2026-08-26,exec-agent(C013) / 검색 후보 → 직접 접속 확인
wtg_f9fbd771ffcdbd42,gmarket,"svc_112f591a0d47a8d8,svc_e4a6c04cbf9d9421","gmarket_app,gmarket_auction",2,"APP,RETAIL","KEEP_SEPARATE,KEEP_SEPARATE",SPLIT,"{""evidence_layer"": ""A1_SOURCE_LABEL"", ""note"": ""APP 표기 'G마켓' 과 RETAIL 표기 'G마켓/옥션' 은 측정 대상이 다르지만 랜딩 URL 은 하나로 귀결될 수 있다. 옥션이 별도 URL 을 갖는지도 확인하지 않았다."", ""rule"": ""SHARED_SOURCE_LABEL_SIGNAL"", ""shared_signal"": ""G마켓"", ""signal_kind"": ""SOURCE_LABEL_PREFIX"", ""url_evidence"": null}",SAME_LANDING_EXPECTED,RETAIL 표기 'G마켓/옥션'(fig06_t1 rank10)이 APP 표기 'G마켓'(fig03_t1 rank2 / fig05_t1 rank1 / fig05_t2 rank2)을 접두로 포함한다.,True,False,RETAIL entity 의 랜딩이 APP entity 와 다른 등록도메인 또는 다른 경로로 확정되면 SPLIT 한다.,"세 후보 중 가장 약하다. RETAIL 측정 단위가 두 브랜드의 합산이고, 슬래시 뒤의 '옥션' 이 별도 랜딩을 가지면 하나의 URL 로 귀결되지 않는다. 또한 'G마켓/옥션' 은 933 본문 텍스트 계층에 없고 figure 판독 계층에만 있다.",,,FALSIFIED_NO_SINGLE_LANDING_FOR_MEMBER,"SAME_LANDING_EXPECTED 가설이 **틀렸다.** gmarket_app=https://www.gmarket.co.kr/[WEB_SERVICE]; gmarket_auction=(확정 URL 없음)[UNRESOLVED]. 가설은 두 member 가 각각 하나의 랜딩을 갖고 그것이 같다고 전제했는데, ['gmarket_auction'] 는 원문 표기가 서로 다른 랜딩 둘을 묶은 것이어서 단일 URL 자체가 성립하지 않는다. 전제가 무너졌으므로 그룹을 해체한다.",2026-08-26,exec-agent(C013) / 검색 후보 → 직접 접속 확인
wtg_6d5510a695d0a614,naver,"svc_7ce399cd76c70efa,svc_8349e143ed01f677","naver_naverpay,naver_app",2,"RETAIL,APP","KEEP_SEPARATE,KEEP_SEPARATE",SPLIT,"{""evidence_layer"": ""A1_SOURCE_LABEL"", ""note"": ""APP 표기 '네이버' 와 RETAIL 표기 '네이버/네이버페이' 는 측정 대상이 다르지만 랜딩 URL 은 하나로 귀결될 수 있다. URL 을 확인하지 않았다."", ""rule"": ""SHARED_SOURCE_LABEL_SIGNAL"", ""shared_signal"": ""네이버"", ""signal_kind"": ""SOURCE_LABEL_PREFIX"", ""url_evidence"": null}",SAME_LANDING_EXPECTED,RETAIL 표기 '네이버/네이버페이'(fig06_t1 rank2 / fig06_t2 rank7)가 APP 표기 '네이버'(fig01_t1 rank4 / fig01_t2 rank3)를 접두로 포함한다. 문자열 포함 관계가 그룹핑의 유일한 신호다.,True,False,RETAIL entity 의 랜딩이 APP entity 와 다른 등록도메인 또는 다른 경로로 확정되면 SPLIT 한다.,슬래시 뒤의 '네이버페이' 가 독립 서비스 랜딩을 가질 수 있다. 그 경우 이 그룹은 해체된다.,,,FALSIFIED_NO_SINGLE_LANDING_FOR_MEMBER,"SAME_LANDING_EXPECTED 가설이 **틀렸다.** naver_naverpay=(확정 URL 없음)[UNRESOLVED]; naver_app=https://www.naver.com/[WEB_SERVICE]. 가설은 두 member 가 각각 하나의 랜딩을 갖고 그것이 같다고 전제했는데, ['naver_naverpay'] 는 원문 표기가 서로 다른 랜딩 둘을 묶은 것이어서 단일 URL 자체가 성립하지 않는다. 전제가 무너졌으므로 그룹을 해체한다.",2026-08-26,exec-agent(C013) / 검색 후보 → 직접 접속 확인
wtg_49a5eca8b58f7270,11st,svc_49a5eca8b58f7270,11st,1,APP,NOT_IN_REVIEW_QUEUE,SINGLETON_CONFIRMED,"{""evidence_layer"": ""A1_SOURCE_LABEL"", ""note"": ""다른 measurement_entity 와 묶을 원문 근거가 없다. 단독 web_target 후보."", ""rule"": ""NO_SHARED_SOURCE_LABEL_SIGNAL"", ""shared_signal"": null, ""signal_kind"": null, ""url_evidence"": null}",UNKNOWN,"member 가 1건인 그룹이다. 그룹 '내부' URL 관계가 성립하지 않으므로 관계를 선언하지 않는다. 다른 그룹과 같은 랜딩으로 귀결될 가능성은 URL 확정 전까지 미확인이며, 그것을 여기서 UNKNOWN 이 아닌 값으로 적으면 URL 없이 결론을 선점하는 것이다.",False,False,,,https://www.11st.co.kr/,https://www.11st.co.kr/ → HTTP 200 · 페이지 제목 '11번가' · 등록도메인(PSL) 11st.co.kr,NOT_APPLICABLE_SINGLETON,11st: WEB_SERVICE 랜딩 https://www.11st.co.kr/ 이 확정됐다.,2026-08-26,exec-agent(C013) / 검색 후보 → 직접 접속 확인
wtg_a215c45b2cc585ca,adot_call,svc_a215c45b2cc585ca,adot_call,1,APP,NOT_IN_REVIEW_QUEUE,SINGLETON_NOT_A_WEB_TARGET,"{""evidence_layer"": ""A1_SOURCE_LABEL"", ""note"": ""다른 measurement_entity 와 묶을 원문 근거가 없다. 단독 web_target 후보."", ""rule"": ""NO_SHARED_SOURCE_LABEL_SIGNAL"", ""shared_signal"": null, ""signal_kind"": null, ""url_evidence"": null}",UNKNOWN,"member 가 1건인 그룹이다. 그룹 '내부' URL 관계가 성립하지 않으므로 관계를 선언하지 않는다. 다른 그룹과 같은 랜딩으로 귀결될 가능성은 URL 확정 전까지 미확인이며, 그것을 여기서 UNKNOWN 이 아닌 값으로 적으면 URL 없이 결론을 선점하는 것이다.",False,False,,,,,NOT_APPLICABLE_SINGLETON,adot_call: 검토 결과 OFFICIAL_PRODUCT_PAGE 다. 주 분석이 쓰는 web_target 이 성립하지 않는다 — '아직 안 봤다' 와 구별해 기록한다.,2026-08-26,exec-agent(C013) / 검색 후보 → 직접 접속 확인
wtg_c5285b96b598a08b,baemin,svc_c5285b96b598a08b,baemin,1,RETAIL,NOT_IN_REVIEW_QUEUE,SINGLETON_NOT_A_WEB_TARGET,"{""evidence_layer"": ""A1_SOURCE_LABEL"", ""note"": ""다른 measurement_entity 와 묶을 원문 근거가 없다. 단독 web_target 후보."", ""rule"": ""NO_SHARED_SOURCE_LABEL_SIGNAL"", ""shared_signal"": null, ""signal_kind"": null, ""url_evidence"": null}",UNKNOWN,"member 가 1건인 그룹이다. 그룹 '내부' URL 관계가 성립하지 않으므로 관계를 선언하지 않는다. 다른 그룹과 같은 랜딩으로 귀결될 가능성은 URL 확정 전까지 미확인이며, 그것을 여기서 UNKNOWN 이 아닌 값으로 적으면 URL 없이 결론을 선점하는 것이다.",False,False,,,,,NOT_APPLICABLE_SINGLETON,baemin: 검토 결과 OFFICIAL_PRODUCT_PAGE 다. 주 분석이 쓰는 web_target 이 성립하지 않는다 — '아직 안 봤다' 와 구별해 기록한다.,2026-08-26,exec-agent(C013) / 검색 후보 → 직접 접속 확인
wtg_65f15ce8fee25b24,band,svc_65f15ce8fee25b24,band,1,APP,NOT_IN_REVIEW_QUEUE,SINGLETON_CONFIRMED,"{""evidence_layer"": ""A1_SOURCE_LABEL"", ""note"": ""다른 measurement_entity 와 묶을 원문 근거가 없다. 단독 web_target 후보."", ""rule"": ""NO_SHARED_SOURCE_LABEL_SIGNAL"", ""shared_signal"": null, ""signal_kind"": null, ""url_evidence"": null}",UNKNOWN,"member 가 1건인 그룹이다. 그룹 '내부' URL 관계가 성립하지 않으므로 관계를 선언하지 않는다. 다른 그룹과 같은 랜딩으로 귀결될 가능성은 URL 확정 전까지 미확인이며, 그것을 여기서 UNKNOWN 이 아닌 값으로 적으면 URL 없이 결론을 선점하는 것이다.",False,False,,,https://band.us/,https://band.us/ → HTTP 200 · 최종 URL https://www.band.us/ · 리다이렉트 1회 · 페이지 제목 '밴드-모임이 쉬워진다' · 등록도메인(PSL) band.us,NOT_APPLICABLE_SINGLETON,band: WEB_SERVICE 랜딩 https://band.us/ 이 확정됐다.,2026-08-26,exec-agent(C013) / 검색 후보 → 직접 접속 확인
wtg_e1fadb214cde51c0,cashwalk,svc_e1fadb214cde51c0,cashwalk,1,APP,NOT_IN_REVIEW_QUEUE,SINGLETON_NOT_A_WEB_TARGET,"{""evidence_layer"": ""A1_SOURCE_LABEL"", ""note"": ""다른 measurement_entity 와 묶을 원문 근거가 없다. 단독 web_target 후보."", ""rule"": ""NO_SHARED_SOURCE_LABEL_SIGNAL"", ""shared_signal"": null, ""signal_kind"": null, ""url_evidence"": null}",UNKNOWN,"member 가 1건인 그룹이다. 그룹 '내부' URL 관계가 성립하지 않으므로 관계를 선언하지 않는다. 다른 그룹과 같은 랜딩으로 귀결될 가능성은 URL 확정 전까지 미확인이며, 그것을 여기서 UNKNOWN 이 아닌 값으로 적으면 URL 없이 결론을 선점하는 것이다.",False,False,,,,,NOT_APPLICABLE_SINGLETON,cashwalk: 검토 결과 OFFICIAL_PRODUCT_PAGE 다. 주 분석이 쓰는 web_target 이 성립하지 않는다 — '아직 안 봤다' 와 구별해 기록한다.,2026-08-26,exec-agent(C013) / 검색 후보 → 직접 접속 확인
wtg_9390ef32addf32bf,chrome,svc_9390ef32addf32bf,chrome,1,APP,NOT_IN_REVIEW_QUEUE,SINGLETON_NOT_A_WEB_TARGET,"{""evidence_layer"": ""A1_SOURCE_LABEL"", ""note"": ""다른 measurement_entity 와 묶을 원문 근거가 없다. 단독 web_target 후보."", ""rule"": ""NO_SHARED_SOURCE_LABEL_SIGNAL"", ""shared_signal"": null, ""signal_kind"": null, ""url_evidence"": null}",UNKNOWN,"member 가 1건인 그룹이다. 그룹 '내부' URL 관계가 성립하지 않으므로 관계를 선언하지 않는다. 다른 그룹과 같은 랜딩으로 귀결될 가능성은 URL 확정 전까지 미확인이며, 그것을 여기서 UNKNOWN 이 아닌 값으로 적으면 URL 없이 결론을 선점하는 것이다.",False,False,,,,,NOT_APPLICABLE_SINGLETON,chrome: 검토 결과 OFFICIAL_PRODUCT_PAGE 다. 주 분석이 쓰는 web_target 이 성립하지 않는다 — '아직 안 봤다' 와 구별해 기록한다.,2026-08-26,exec-agent(C013) / 검색 후보 → 직접 접속 확인
wtg_4feab7e61bf642e8,cj_onstyle,svc_4feab7e61bf642e8,cj_onstyle,1,RETAIL,NOT_IN_REVIEW_QUEUE,SINGLETON_CONFIRMED,"{""evidence_layer"": ""A1_SOURCE_LABEL"", ""note"": ""다른 measurement_entity 와 묶을 원문 근거가 없다. 단독 web_target 후보."", ""rule"": ""NO_SHARED_SOURCE_LABEL_SIGNAL"", ""shared_signal"": null, ""signal_kind"": null, ""url_evidence"": null}",UNKNOWN,"member 가 1건인 그룹이다. 그룹 '내부' URL 관계가 성립하지 않으므로 관계를 선언하지 않는다. 다른 그룹과 같은 랜딩으로 귀결될 가능성은 URL 확정 전까지 미확인이며, 그것을 여기서 UNKNOWN 이 아닌 값으로 적으면 URL 없이 결론을 선점하는 것이다.",False,False,,,https://www.cjonstyle.com/,https://www.cjonstyle.com/ → HTTP 200 · 최종 URL https://display.cjonstyle.com/p/homeTab/main?hmtabMenuId=H00005&rPIC=homeonstyle · 리다이렉트 3회 · 페이지 제목 '홈 | CJ온스타일' · 등록도메인(PSL) cjonstyle.com,NOT_APPLICABLE_SINGLETON,cj_onstyle: WEB_SERVICE 랜딩 https://www.cjonstyle.com/ 이 확정됐다.,2026-08-26,exec-agent(C013) / 검색 후보 → 직접 접속 확인
wtg_51484a735cdb487b,compose_coffee,svc_51484a735cdb487b,compose_coffee,1,RETAIL,NOT_IN_REVIEW_QUEUE,SINGLETON_NOT_A_WEB_TARGET,"{""evidence_layer"": ""A1_SOURCE_LABEL"", ""note"": ""다른 measurement_entity 와 묶을 원문 근거가 없다. 단독 web_target 후보."", ""rule"": ""NO_SHARED_SOURCE_LABEL_SIGNAL"", ""shared_signal"": null, ""signal_kind"": null, ""url_evidence"": null}",UNKNOWN,"member 가 1건인 그룹이다. 그룹 '내부' URL 관계가 성립하지 않으므로 관계를 선언하지 않는다. 다른 그룹과 같은 랜딩으로 귀결될 가능성은 URL 확정 전까지 미확인이며, 그것을 여기서 UNKNOWN 이 아닌 값으로 적으면 URL 없이 결론을 선점하는 것이다.",False,False,,,,,NOT_APPLICABLE_SINGLETON,compose_coffee: 검토 결과 RETAIL_OFFLINE_ONLY 다. 주 분석이 쓰는 web_target 이 성립하지 않는다 — '아직 안 봤다' 와 구별해 기록한다.,2026-08-26,exec-agent(C013) / 검색 후보 → 직접 접속 확인
wtg_22ffba7a86ea9919,costco,svc_22ffba7a86ea9919,costco,1,RETAIL,NOT_IN_REVIEW_QUEUE,SINGLETON_CONFIRMED,"{""evidence_layer"": ""A1_SOURCE_LABEL"", ""note"": ""다른 measurement_entity 와 묶을 원문 근거가 없다. 단독 web_target 후보."", ""rule"": ""NO_SHARED_SOURCE_LABEL_SIGNAL"", ""shared_signal"": null, ""signal_kind"": null, ""url_evidence"": null}",UNKNOWN,"member 가 1건인 그룹이다. 그룹 '내부' URL 관계가 성립하지 않으므로 관계를 선언하지 않는다. 다른 그룹과 같은 랜딩으로 귀결될 가능성은 URL 확정 전까지 미확인이며, 그것을 여기서 UNKNOWN 이 아닌 값으로 적으면 URL 없이 결론을 선점하는 것이다.",False,False,,,https://www.costco.co.kr/,https://www.costco.co.kr/ → HTTP 200 · 페이지 제목 '코스트코 온라인몰 | 코스트코 코리아' · 등록도메인(PSL) costco.co.kr,NOT_APPLICABLE_SINGLETON,costco: WEB_SERVICE 랜딩 https://www.costco.co.kr/ 이 확정됐다.,2026-08-26,exec-agent(C013) / 검색 후보 → 직접 접속 확인
wtg_054d78ed187cdd9f,coupang_eats,svc_054d78ed187cdd9f,coupang_eats,1,RETAIL,NOT_IN_REVIEW_QUEUE,SINGLETON_NOT_A_WEB_TARGET,"{""evidence_layer"": ""A1_SOURCE_LABEL"", ""note"": ""다른 measurement_entity 와 묶을 원문 근거가 없다. 단독 web_target 후보."", ""rule"": ""NO_SHARED_SOURCE_LABEL_SIGNAL"", ""shared_signal"": null, ""signal_kind"": null, ""url_evidence"": null}",UNKNOWN,"member 가 1건인 그룹이다. 그룹 '내부' URL 관계가 성립하지 않으므로 관계를 선언하지 않는다. 다른 그룹과 같은 랜딩으로 귀결될 가능성은 URL 확정 전까지 미확인이며, 그것을 여기서 UNKNOWN 이 아닌 값으로 적으면 URL 없이 결론을 선점하는 것이다.",False,False,,,,,NOT_APPLICABLE_SINGLETON,coupang_eats: 검토 결과 OFFICIAL_PRODUCT_PAGE 다. 주 분석이 쓰는 web_target 이 성립하지 않는다 — '아직 안 봤다' 와 구별해 기록한다.,2026-08-26,exec-agent(C013) / 검색 후보 → 직접 접속 확인
wtg_e67be79550661604,cu,svc_e67be79550661604,cu,1,RETAIL,NOT_IN_REVIEW_QUEUE,SINGLETON_NOT_A_WEB_TARGET,"{""evidence_layer"": ""A1_SOURCE_LABEL"", ""note"": ""다른 measurement_entity 와 묶을 원문 근거가 없다. 단독 web_target 후보."", ""rule"": ""NO_SHARED_SOURCE_LABEL_SIGNAL"", ""shared_signal"": null, ""signal_kind"": null, ""url_evidence"": null}",UNKNOWN,"member 가 1건인 그룹이다. 그룹 '내부' URL 관계가 성립하지 않으므로 관계를 선언하지 않는다. 다른 그룹과 같은 랜딩으로 귀결될 가능성은 URL 확정 전까지 미확인이며, 그것을 여기서 UNKNOWN 이 아닌 값으로 적으면 URL 없이 결론을 선점하는 것이다.",False,False,,,,,NOT_APPLICABLE_SINGLETON,cu: 검토 결과 RETAIL_OFFLINE_ONLY 다. 주 분석이 쓰는 web_target 이 성립하지 않는다 — '아직 안 봤다' 와 구별해 기록한다.,2026-08-26,exec-agent(C013) / 검색 후보 → 직접 접속 확인
wtg_377983572bd38242,daiso,svc_377983572bd38242,daiso,1,RETAIL,NOT_IN_REVIEW_QUEUE,SINGLETON_CONFIRMED,"{""evidence_layer"": ""A1_SOURCE_LABEL"", ""note"": ""다른 measurement_entity 와 묶을 원문 근거가 없다. 단독 web_target 후보."", ""rule"": ""NO_SHARED_SOURCE_LABEL_SIGNAL"", ""shared_signal"": null, ""signal_kind"": null, ""url_evidence"": null}",UNKNOWN,"member 가 1건인 그룹이다. 그룹 '내부' URL 관계가 성립하지 않으므로 관계를 선언하지 않는다. 다른 그룹과 같은 랜딩으로 귀결될 가능성은 URL 확정 전까지 미확인이며, 그것을 여기서 UNKNOWN 이 아닌 값으로 적으면 URL 없이 결론을 선점하는 것이다.",False,False,,,https://www.daisomall.co.kr/,https://www.daisomall.co.kr/ → HTTP 200 · 페이지 제목 '다이소몰 - 온라인 국민가게' · 등록도메인(PSL) daisomall.co.kr,NOT_APPLICABLE_SINGLETON,daiso: WEB_SERVICE 랜딩 https://www.daisomall.co.kr/ 이 확정됐다.,2026-08-26,exec-agent(C013) / 검색 후보 → 직접 접속 확인
wtg_46e5a43370f75308,danggeun,svc_46e5a43370f75308,danggeun,1,APP,NOT_IN_REVIEW_QUEUE,SINGLETON_CONFIRMED,"{""evidence_layer"": ""A1_SOURCE_LABEL"", ""note"": ""다른 measurement_entity 와 묶을 원문 근거가 없다. 단독 web_target 후보."", ""rule"": ""NO_SHARED_SOURCE_LABEL_SIGNAL"", ""shared_signal"": null, ""signal_kind"": null, ""url_evidence"": null}",UNKNOWN,"member 가 1건인 그룹이다. 그룹 '내부' URL 관계가 성립하지 않으므로 관계를 선언하지 않는다. 다른 그룹과 같은 랜딩으로 귀결될 가능성은 URL 확정 전까지 미확인이며, 그것을 여기서 UNKNOWN 이 아닌 값으로 적으면 URL 없이 결론을 선점하는 것이다.",False,False,,,https://www.daangn.com/kr,https://www.daangn.com/kr → HTTP 200 · 최종 URL https://www.daangn.com/kr/ · 리다이렉트 1회 · 페이지 제목 '당신 근처의 당근' · 등록도메인(PSL) daangn.com,NOT_APPLICABLE_SINGLETON,danggeun: WEB_SERVICE 랜딩 https://www.daangn.com/kr 이 확정됐다.,2026-08-26,exec-agent(C013) / 검색 후보 → 직접 접속 확인
wtg_91b952863c62993d,daum,svc_91b952863c62993d,daum,1,APP,NOT_IN_REVIEW_QUEUE,SINGLETON_CONFIRMED,"{""evidence_layer"": ""A1_SOURCE_LABEL"", ""note"": ""다른 measurement_entity 와 묶을 원문 근거가 없다. 단독 web_target 후보."", ""rule"": ""NO_SHARED_SOURCE_LABEL_SIGNAL"", ""shared_signal"": null, ""signal_kind"": null, ""url_evidence"": null}",UNKNOWN,"member 가 1건인 그룹이다. 그룹 '내부' URL 관계가 성립하지 않으므로 관계를 선언하지 않는다. 다른 그룹과 같은 랜딩으로 귀결될 가능성은 URL 확정 전까지 미확인이며, 그것을 여기서 UNKNOWN 이 아닌 값으로 적으면 URL 없이 결론을 선점하는 것이다.",False,False,,,https://www.daum.net/,https://www.daum.net/ → HTTP 200 · 페이지 제목 'Daum' · 등록도메인(PSL) daum.net,NOT_APPLICABLE_SINGLETON,daum: WEB_SERVICE 랜딩 https://www.daum.net/ 이 확정됐다.,2026-08-26,exec-agent(C013) / 검색 후보 → 직접 접속 확인
wtg_cdce1ffd6b1b1e24,device_care,svc_cdce1ffd6b1b1e24,device_care,1,APP,NOT_IN_REVIEW_QUEUE,SINGLETON_NOT_A_WEB_TARGET,"{""evidence_layer"": ""A1_SOURCE_LABEL"", ""note"": ""다른 measurement_entity 와 묶을 원문 근거가 없다. 단독 web_target 후보."", ""rule"": ""NO_SHARED_SOURCE_LABEL_SIGNAL"", ""shared_signal"": null, ""signal_kind"": null, ""url_evidence"": null}",UNKNOWN,"member 가 1건인 그룹이다. 그룹 '내부' URL 관계가 성립하지 않으므로 관계를 선언하지 않는다. 다른 그룹과 같은 랜딩으로 귀결될 가능성은 URL 확정 전까지 미확인이며, 그것을 여기서 UNKNOWN 이 아닌 값으로 적으면 URL 없이 결론을 선점하는 것이다.",False,False,,,,,NOT_APPLICABLE_SINGLETON,device_care: 검토 결과 SYSTEM_APP 다. 주 분석이 쓰는 web_target 이 성립하지 않는다 — '아직 안 봤다' 와 구별해 기록한다.,2026-08-26,exec-agent(C013) / 검색 후보 → 직접 접속 확인
wtg_7f6f1aa6dd218d4d,emart,svc_7f6f1aa6dd218d4d,emart,1,RETAIL,NOT_IN_REVIEW_QUEUE,SINGLETON_CONFIRMED,"{""evidence_layer"": ""A1_SOURCE_LABEL"", ""note"": ""다른 measurement_entity 와 묶을 원문 근거가 없다. 단독 web_target 후보."", ""rule"": ""NO_SHARED_SOURCE_LABEL_SIGNAL"", ""shared_signal"": null, ""signal_kind"": null, ""url_evidence"": null}",UNKNOWN,"member 가 1건인 그룹이다. 그룹 '내부' URL 관계가 성립하지 않으므로 관계를 선언하지 않는다. 다른 그룹과 같은 랜딩으로 귀결될 가능성은 URL 확정 전까지 미확인이며, 그것을 여기서 UNKNOWN 이 아닌 값으로 적으면 URL 없이 결론을 선점하는 것이다.",False,False,,,https://emart.ssg.com/,"https://emart.ssg.com/ → HTTP 200 · 페이지 제목 '원하는 상품을 원하는 시간에 쓱, 이마트몰' · 등록도메인(PSL) ssg.com",NOT_APPLICABLE_SINGLETON,emart: WEB_SERVICE 랜딩 https://emart.ssg.com/ 이 확정됐다.,2026-08-26,exec-agent(C013) / 검색 후보 → 직접 접속 확인
wtg_be1e6feb78e5ef03,emart24,svc_be1e6feb78e5ef03,emart24,1,RETAIL,NOT_IN_REVIEW_QUEUE,SINGLETON_NOT_A_WEB_TARGET,"{""evidence_layer"": ""A1_SOURCE_LABEL"", ""note"": ""다른 measurement_entity 와 묶을 원문 근거가 없다. 단독 web_target 후보."", ""rule"": ""NO_SHARED_SOURCE_LABEL_SIGNAL"", ""shared_signal"": null, ""signal_kind"": null, ""url_evidence"": null}",UNKNOWN,"member 가 1건인 그룹이다. 그룹 '내부' URL 관계가 성립하지 않으므로 관계를 선언하지 않는다. 다른 그룹과 같은 랜딩으로 귀결될 가능성은 URL 확정 전까지 미확인이며, 그것을 여기서 UNKNOWN 이 아닌 값으로 적으면 URL 없이 결론을 선점하는 것이다.",False,False,,,,,NOT_APPLICABLE_SINGLETON,emart24: 검토 결과 RETAIL_OFFLINE_ONLY 다. 주 분석이 쓰는 web_target 이 성립하지 않는다 — '아직 안 봤다' 와 구별해 기록한다.,2026-08-26,exec-agent(C013) / 검색 후보 → 직접 접속 확인
wtg_bbdefa2950f49882,google,svc_bbdefa2950f49882,google,1,APP,NOT_IN_REVIEW_QUEUE,SINGLETON_CONFIRMED,"{""evidence_layer"": ""A1_SOURCE_LABEL"", ""note"": ""다른 measurement_entity 와 묶을 원문 근거가 없다. 단독 web_target 후보."", ""rule"": ""NO_SHARED_SOURCE_LABEL_SIGNAL"", ""shared_signal"": null, ""signal_kind"": null, ""url_evidence"": null}",UNKNOWN,"member 가 1건인 그룹이다. 그룹 '내부' URL 관계가 성립하지 않으므로 관계를 선언하지 않는다. 다른 그룹과 같은 랜딩으로 귀결될 가능성은 URL 확정 전까지 미확인이며, 그것을 여기서 UNKNOWN 이 아닌 값으로 적으면 URL 없이 결론을 선점하는 것이다.",False,False,,,https://www.google.co.kr/,https://www.google.co.kr/ → HTTP 200 · 최종 URL https://www.google.com/ · 리다이렉트 1회 · 페이지 제목 'Google' · 등록도메인(PSL) google.com,NOT_APPLICABLE_SINGLETON,google: WEB_SERVICE 랜딩 https://www.google.co.kr/ 이 확정됐다.,2026-08-26,exec-agent(C013) / 검색 후보 → 직접 접속 확인
wtg_fcf244c9ad878906,google_photos,svc_fcf244c9ad878906,google_photos,1,APP,NOT_IN_REVIEW_QUEUE,SINGLETON_CONFIRMED,"{""evidence_layer"": ""A1_SOURCE_LABEL"", ""note"": ""다른 measurement_entity 와 묶을 원문 근거가 없다. 단독 web_target 후보."", ""rule"": ""NO_SHARED_SOURCE_LABEL_SIGNAL"", ""shared_signal"": null, ""signal_kind"": null, ""url_evidence"": null}",UNKNOWN,"member 가 1건인 그룹이다. 그룹 '내부' URL 관계가 성립하지 않으므로 관계를 선언하지 않는다. 다른 그룹과 같은 랜딩으로 귀결될 가능성은 URL 확정 전까지 미확인이며, 그것을 여기서 UNKNOWN 이 아닌 값으로 적으면 URL 없이 결론을 선점하는 것이다.",False,False,,,https://photos.google.com/,"https://photos.google.com/ → HTTP 200 · 최종 URL https://www.google.com/photos/about/ · 리다이렉트 1회 · 페이지 제목 'Google Photos: Edit, Organize, Search, and Backup Your Photos' · 등록도메인(PSL) google.com",NOT_APPLICABLE_SINGLETON,google_photos: WEB_SERVICE 랜딩 https://photos.google.com/ 이 확정됐다.,2026-08-26,exec-agent(C013) / 검색 후보 → 직접 접속 확인
wtg_12e3942c0495b9a4,gs25,svc_12e3942c0495b9a4,gs25,1,RETAIL,NOT_IN_REVIEW_QUEUE,SINGLETON_NOT_A_WEB_TARGET,"{""evidence_layer"": ""A1_SOURCE_LABEL"", ""note"": ""다른 measurement_entity 와 묶을 원문 근거가 없다. 단독 web_target 후보."", ""rule"": ""NO_SHARED_SOURCE_LABEL_SIGNAL"", ""shared_signal"": null, ""signal_kind"": null, ""url_evidence"": null}",UNKNOWN,"member 가 1건인 그룹이다. 그룹 '내부' URL 관계가 성립하지 않으므로 관계를 선언하지 않는다. 다른 그룹과 같은 랜딩으로 귀결될 가능성은 URL 확정 전까지 미확인이며, 그것을 여기서 UNKNOWN 이 아닌 값으로 적으면 URL 없이 결론을 선점하는 것이다.",False,False,,,,,NOT_APPLICABLE_SINGLETON,gs25: 검토 결과 RETAIL_OFFLINE_ONLY 다. 주 분석이 쓰는 web_target 이 성립하지 않는다 — '아직 안 봤다' 와 구별해 기록한다.,2026-08-26,exec-agent(C013) / 검색 후보 → 직접 접속 확인
wtg_e268b0ad5a2d6ece,gs_homeshopping_gsshop,svc_e268b0ad5a2d6ece,gs_homeshopping_gsshop,1,RETAIL,NOT_IN_REVIEW_QUEUE,SINGLETON_CONFIRMED,"{""evidence_layer"": ""A1_SOURCE_LABEL"", ""note"": ""다른 measurement_entity 와 묶을 원문 근거가 없다. 단독 web_target 후보."", ""rule"": ""NO_SHARED_SOURCE_LABEL_SIGNAL"", ""shared_signal"": null, ""signal_kind"": null, ""url_evidence"": null}",UNKNOWN,"member 가 1건인 그룹이다. 그룹 '내부' URL 관계가 성립하지 않으므로 관계를 선언하지 않는다. 다른 그룹과 같은 랜딩으로 귀결될 가능성은 URL 확정 전까지 미확인이며, 그것을 여기서 UNKNOWN 이 아닌 값으로 적으면 URL 없이 결론을 선점하는 것이다.",False,False,,,https://www.gsshop.com/,https://www.gsshop.com/ → HTTP 200 · 최종 URL https://www.gsshop.com:443/index.gs · 리다이렉트 1회 · 페이지 제목 'GS SHOP - Style your daily life' · 등록도메인(PSL) gsshop.com,NOT_APPLICABLE_SINGLETON,gs_homeshopping_gsshop: WEB_SERVICE 랜딩 https://www.gsshop.com/ 이 확정됐다.,2026-08-26,exec-agent(C013) / 검색 후보 → 직접 접속 확인
wtg_8fd5d30f8b1d707b,hana_bank,svc_8fd5d30f8b1d707b,hana_bank,1,APP,NOT_IN_REVIEW_QUEUE,SINGLETON_CONFIRMED,"{""evidence_layer"": ""A1_SOURCE_LABEL"", ""note"": ""다른 measurement_entity 와 묶을 원문 근거가 없다. 단독 web_target 후보."", ""rule"": ""NO_SHARED_SOURCE_LABEL_SIGNAL"", ""shared_signal"": null, ""signal_kind"": null, ""url_evidence"": null}",UNKNOWN,"member 가 1건인 그룹이다. 그룹 '내부' URL 관계가 성립하지 않으므로 관계를 선언하지 않는다. 다른 그룹과 같은 랜딩으로 귀결될 가능성은 URL 확정 전까지 미확인이며, 그것을 여기서 UNKNOWN 이 아닌 값으로 적으면 URL 없이 결론을 선점하는 것이다.",False,False,,,https://www.hanabank.com/,https://www.hanabank.com/ → HTTP 200 · 페이지 제목 '하나은행' · 등록도메인(PSL) hanabank.com,NOT_APPLICABLE_SINGLETON,hana_bank: WEB_SERVICE 랜딩 https://www.hanabank.com/ 이 확정됐다.,2026-08-26,exec-agent(C013) / 검색 후보 → 직접 접속 확인
wtg_5c614fc99631ce5e,home_and_shopping,svc_5c614fc99631ce5e,home_and_shopping,1,RETAIL,NOT_IN_REVIEW_QUEUE,SINGLETON_CONFIRMED,"{""evidence_layer"": ""A1_SOURCE_LABEL"", ""note"": ""다른 measurement_entity 와 묶을 원문 근거가 없다. 단독 web_target 후보."", ""rule"": ""NO_SHARED_SOURCE_LABEL_SIGNAL"", ""shared_signal"": null, ""signal_kind"": null, ""url_evidence"": null}",UNKNOWN,"member 가 1건인 그룹이다. 그룹 '내부' URL 관계가 성립하지 않으므로 관계를 선언하지 않는다. 다른 그룹과 같은 랜딩으로 귀결될 가능성은 URL 확정 전까지 미확인이며, 그것을 여기서 UNKNOWN 이 아닌 값으로 적으면 URL 없이 결론을 선점하는 것이다.",False,False,,,https://www.hnsmall.com/,https://www.hnsmall.com/ → HTTP 200 · 최종 URL https://www.hnsmall.com/index.do · 리다이렉트 1회 · 페이지 제목 'HOME & SHOPPING' · 등록도메인(PSL) hnsmall.com,NOT_APPLICABLE_SINGLETON,home_and_shopping: WEB_SERVICE 랜딩 https://www.hnsmall.com/ 이 확정됐다.,2026-08-26,exec-agent(C013) / 검색 후보 → 직접 접속 확인
wtg_0ee385d0c964e560,homeplus,svc_0ee385d0c964e560,homeplus,1,RETAIL,NOT_IN_REVIEW_QUEUE,SINGLETON_CONFIRMED,"{""evidence_layer"": ""A1_SOURCE_LABEL"", ""note"": ""다른 measurement_entity 와 묶을 원문 근거가 없다. 단독 web_target 후보."", ""rule"": ""NO_SHARED_SOURCE_LABEL_SIGNAL"", ""shared_signal"": null, ""signal_kind"": null, ""url_evidence"": null}",UNKNOWN,"member 가 1건인 그룹이다. 그룹 '내부' URL 관계가 성립하지 않으므로 관계를 선언하지 않는다. 다른 그룹과 같은 랜딩으로 귀결될 가능성은 URL 확정 전까지 미확인이며, 그것을 여기서 UNKNOWN 이 아닌 값으로 적으면 URL 없이 결론을 선점하는 것이다.",False,False,,,https://mfront.homeplus.co.kr/,https://mfront.homeplus.co.kr/ → HTTP 200 · 페이지 제목 '홈플러스 :: 당일배송 온라인 마트 장보기' · 등록도메인(PSL) homeplus.co.kr,NOT_APPLICABLE_SINGLETON,homeplus: WEB_SERVICE 랜딩 https://mfront.homeplus.co.kr/ 이 확정됐다.,2026-08-26,exec-agent(C013) / 검색 후보 → 직접 접속 확인
wtg_b728911c9782edb8,hyundai_card,svc_b728911c9782edb8,hyundai_card,1,APP,NOT_IN_REVIEW_QUEUE,SINGLETON_CONFIRMED,"{""evidence_layer"": ""A1_SOURCE_LABEL"", ""note"": ""다른 measurement_entity 와 묶을 원문 근거가 없다. 단독 web_target 후보."", ""rule"": ""NO_SHARED_SOURCE_LABEL_SIGNAL"", ""shared_signal"": null, ""signal_kind"": null, ""url_evidence"": null}",UNKNOWN,"member 가 1건인 그룹이다. 그룹 '내부' URL 관계가 성립하지 않으므로 관계를 선언하지 않는다. 다른 그룹과 같은 랜딩으로 귀결될 가능성은 URL 확정 전까지 미확인이며, 그것을 여기서 UNKNOWN 이 아닌 값으로 적으면 URL 없이 결론을 선점하는 것이다.",False,False,,,https://www.hyundaicard.com/,https://www.hyundaicard.com/ → HTTP 200 · 페이지 제목 'Index' · 등록도메인(PSL) hyundaicard.com,NOT_APPLICABLE_SINGLETON,hyundai_card: WEB_SERVICE 랜딩 https://www.hyundaicard.com/ 이 확정됐다.,2026-08-26,exec-agent(C013) / 검색 후보 → 직접 접속 확인
wtg_ccb9754c97fa7341,hyundai_department_store,svc_ccb9754c97fa7341,hyundai_department_store,1,RETAIL,NOT_IN_REVIEW_QUEUE,SINGLETON_NOT_A_WEB_TARGET,"{""evidence_layer"": ""A1_SOURCE_LABEL"", ""note"": ""다른 measurement_entity 와 묶을 원문 근거가 없다. 단독 web_target 후보."", ""rule"": ""NO_SHARED_SOURCE_LABEL_SIGNAL"", ""shared_signal"": null, ""signal_kind"": null, ""url_evidence"": null}",UNKNOWN,"member 가 1건인 그룹이다. 그룹 '내부' URL 관계가 성립하지 않으므로 관계를 선언하지 않는다. 다른 그룹과 같은 랜딩으로 귀결될 가능성은 URL 확정 전까지 미확인이며, 그것을 여기서 UNKNOWN 이 아닌 값으로 적으면 URL 없이 결론을 선점하는 것이다.",False,False,,,,,NOT_APPLICABLE_SINGLETON,hyundai_department_store: 검토 결과 RETAIL_OFFLINE_ONLY 다. 주 분석이 쓰는 web_target 이 성립하지 않는다 — '아직 안 봤다' 와 구별해 기록한다.,2026-08-26,exec-agent(C013) / 검색 후보 → 직접 접속 확인
wtg_353f07b932464b82,hyundai_homeshopping_hmall,svc_353f07b932464b82,hyundai_homeshopping_hmall,1,RETAIL,MERGE,SINGLETON_CONFIRMED,"{""evidence_layer"": ""A1_SOURCE_LABEL"", ""note"": ""다른 measurement_entity 와 묶을 원문 근거가 없다. 단독 web_target 후보."", ""rule"": ""NO_SHARED_SOURCE_LABEL_SIGNAL"", ""shared_signal"": null, ""signal_kind"": null, ""url_evidence"": null}",UNKNOWN,"member 가 1건인 그룹이다. 그룹 '내부' URL 관계가 성립하지 않으므로 관계를 선언하지 않는다. 다른 그룹과 같은 랜딩으로 귀결될 가능성은 URL 확정 전까지 미확인이며, 그것을 여기서 UNKNOWN 이 아닌 값으로 적으면 URL 없이 결론을 선점하는 것이다.",False,False,,,https://www.hmall.com/,https://www.hmall.com/ → HTTP 200 · 최종 URL https://www.hmall.com/md/dpl/index · 리다이렉트 1회 · 페이지 제목 '현대홈쇼핑 - 현대Hmall' · 등록도메인(PSL) hmall.com,NOT_APPLICABLE_SINGLETON,hyundai_homeshopping_hmall: WEB_SERVICE 랜딩 https://www.hmall.com/ 이 확정됐다.,2026-08-26,exec-agent(C013) / 검색 후보 → 직접 접속 확인
wtg_5ede56738376a8c5,instagram,svc_5ede56738376a8c5,instagram,1,APP,NOT_IN_REVIEW_QUEUE,SINGLETON_CONFIRMED,"{""evidence_layer"": ""A1_SOURCE_LABEL"", ""note"": ""다른 measurement_entity 와 묶을 원문 근거가 없다. 단독 web_target 후보."", ""rule"": ""NO_SHARED_SOURCE_LABEL_SIGNAL"", ""shared_signal"": null, ""signal_kind"": null, ""url_evidence"": null}",UNKNOWN,"member 가 1건인 그룹이다. 그룹 '내부' URL 관계가 성립하지 않으므로 관계를 선언하지 않는다. 다른 그룹과 같은 랜딩으로 귀결될 가능성은 URL 확정 전까지 미확인이며, 그것을 여기서 UNKNOWN 이 아닌 값으로 적으면 URL 없이 결론을 선점하는 것이다.",False,False,,,https://www.instagram.com/,https://www.instagram.com/ → HTTP 200 · 페이지 제목 'Instagram' · 등록도메인(PSL) instagram.com,NOT_APPLICABLE_SINGLETON,instagram: WEB_SERVICE 랜딩 https://www.instagram.com/ 이 확정됐다.,2026-08-26,exec-agent(C013) / 검색 후보 → 직접 접속 확인
wtg_ccd84811932b237b,kakao_t,svc_ccd84811932b237b,kakao_t,1,RETAIL,NOT_IN_REVIEW_QUEUE,SINGLETON_NOT_A_WEB_TARGET,"{""evidence_layer"": ""A1_SOURCE_LABEL"", ""note"": ""다른 measurement_entity 와 묶을 원문 근거가 없다. 단독 web_target 후보."", ""rule"": ""NO_SHARED_SOURCE_LABEL_SIGNAL"", ""shared_signal"": null, ""signal_kind"": null, ""url_evidence"": null}",UNKNOWN,"member 가 1건인 그룹이다. 그룹 '내부' URL 관계가 성립하지 않으므로 관계를 선언하지 않는다. 다른 그룹과 같은 랜딩으로 귀결될 가능성은 URL 확정 전까지 미확인이며, 그것을 여기서 UNKNOWN 이 아닌 값으로 적으면 URL 없이 결론을 선점하는 것이다.",False,False,,,,,NOT_APPLICABLE_SINGLETON,kakao_t: 검토 결과 OFFICIAL_PRODUCT_PAGE 다. 주 분석이 쓰는 web_target 이 성립하지 않는다 — '아직 안 봤다' 와 구별해 기록한다.,2026-08-26,exec-agent(C013) / 검색 후보 → 직접 접속 확인
wtg_f322b894ee95c181,kakaomap,svc_f322b894ee95c181,kakaomap,1,APP,NOT_IN_REVIEW_QUEUE,SINGLETON_CONFIRMED,"{""evidence_layer"": ""A1_SOURCE_LABEL"", ""note"": ""다른 measurement_entity 와 묶을 원문 근거가 없다. 단독 web_target 후보."", ""rule"": ""NO_SHARED_SOURCE_LABEL_SIGNAL"", ""shared_signal"": null, ""signal_kind"": null, ""url_evidence"": null}",UNKNOWN,"member 가 1건인 그룹이다. 그룹 '내부' URL 관계가 성립하지 않으므로 관계를 선언하지 않는다. 다른 그룹과 같은 랜딩으로 귀결될 가능성은 URL 확정 전까지 미확인이며, 그것을 여기서 UNKNOWN 이 아닌 값으로 적으면 URL 없이 결론을 선점하는 것이다.",False,False,,,https://map.kakao.com/,https://map.kakao.com/ → HTTP 200 · 페이지 제목 '카카오맵' · 등록도메인(PSL) kakao.com,NOT_APPLICABLE_SINGLETON,kakaomap: WEB_SERVICE 랜딩 https://map.kakao.com/ 이 확정됐다.,2026-08-26,exec-agent(C013) / 검색 후보 → 직접 접속 확인
wtg_699a5e2f3f410152,kakaotalk,svc_699a5e2f3f410152,kakaotalk,1,APP,NOT_IN_REVIEW_QUEUE,SINGLETON_NOT_A_WEB_TARGET,"{""evidence_layer"": ""A1_SOURCE_LABEL"", ""note"": ""다른 measurement_entity 와 묶을 원문 근거가 없다. 단독 web_target 후보."", ""rule"": ""NO_SHARED_SOURCE_LABEL_SIGNAL"", ""shared_signal"": null, ""signal_kind"": null, ""url_evidence"": null}",UNKNOWN,"member 가 1건인 그룹이다. 그룹 '내부' URL 관계가 성립하지 않으므로 관계를 선언하지 않는다. 다른 그룹과 같은 랜딩으로 귀결될 가능성은 URL 확정 전까지 미확인이며, 그것을 여기서 UNKNOWN 이 아닌 값으로 적으면 URL 없이 결론을 선점하는 것이다.",False,False,,,,,NOT_APPLICABLE_SINGLETON,kakaotalk: 검토 결과 OFFICIAL_PRODUCT_PAGE 다. 주 분석이 쓰는 web_target 이 성립하지 않는다 — '아직 안 봤다' 와 구별해 기록한다.,2026-08-26,exec-agent(C013) / 검색 후보 → 직접 접속 확인
wtg_b8b226f9fe32539a,kb_pay,svc_b8b226f9fe32539a,kb_pay,1,APP,NOT_IN_REVIEW_QUEUE,SINGLETON_NOT_A_WEB_TARGET,"{""evidence_layer"": ""A1_SOURCE_LABEL"", ""note"": ""다른 measurement_entity 와 묶을 원문 근거가 없다. 단독 web_target 후보."", ""rule"": ""NO_SHARED_SOURCE_LABEL_SIGNAL"", ""shared_signal"": null, ""signal_kind"": null, ""url_evidence"": null}",UNKNOWN,"member 가 1건인 그룹이다. 그룹 '내부' URL 관계가 성립하지 않으므로 관계를 선언하지 않는다. 다른 그룹과 같은 랜딩으로 귀결될 가능성은 URL 확정 전까지 미확인이며, 그것을 여기서 UNKNOWN 이 아닌 값으로 적으면 URL 없이 결론을 선점하는 것이다.",False,False,,,,,NOT_APPLICABLE_SINGLETON,kb_pay: 검토 결과 OFFICIAL_PRODUCT_PAGE 다. 주 분석이 쓰는 web_target 이 성립하지 않는다 — '아직 안 봤다' 와 구별해 기록한다.,2026-08-26,exec-agent(C013) / 검색 후보 → 직접 접속 확인
wtg_e296af221a5f7128,kb_starbanking,svc_e296af221a5f7128,kb_starbanking,1,APP,NOT_IN_REVIEW_QUEUE,SINGLETON_NOT_A_WEB_TARGET,"{""evidence_layer"": ""A1_SOURCE_LABEL"", ""note"": ""다른 measurement_entity 와 묶을 원문 근거가 없다. 단독 web_target 후보."", ""rule"": ""NO_SHARED_SOURCE_LABEL_SIGNAL"", ""shared_signal"": null, ""signal_kind"": null, ""url_evidence"": null}",UNKNOWN,"member 가 1건인 그룹이다. 그룹 '내부' URL 관계가 성립하지 않으므로 관계를 선언하지 않는다. 다른 그룹과 같은 랜딩으로 귀결될 가능성은 URL 확정 전까지 미확인이며, 그것을 여기서 UNKNOWN 이 아닌 값으로 적으면 URL 없이 결론을 선점하는 것이다.",False,False,,,,,NOT_APPLICABLE_SINGLETON,kb_starbanking: 검토 결과 OFFICIAL_PRODUCT_PAGE 다. 주 분석이 쓰는 web_target 이 성립하지 않는다 — '아직 안 봤다' 와 구별해 기록한다.,2026-08-26,exec-agent(C013) / 검색 후보 → 직접 접속 확인
wtg_9b353f64ce509d5a,korean_air,svc_9b353f64ce509d5a,korean_air,1,RETAIL,NOT_IN_REVIEW_QUEUE,SINGLETON_PENDING_URL_REVIEW,"{""evidence_layer"": ""A1_SOURCE_LABEL"", ""note"": ""다른 measurement_entity 와 묶을 원문 근거가 없다. 단독 web_target 후보."", ""rule"": ""NO_SHARED_SOURCE_LABEL_SIGNAL"", ""shared_signal"": null, ""signal_kind"": null, ""url_evidence"": null}",UNKNOWN,"member 가 1건인 그룹이다. 그룹 '내부' URL 관계가 성립하지 않으므로 관계를 선언하지 않는다. 다른 그룹과 같은 랜딩으로 귀결될 가능성은 URL 확정 전까지 미확인이며, 그것을 여기서 UNKNOWN 이 아닌 값으로 적으면 URL 없이 결론을 선점하는 것이다.",False,False,,,,,NOT_APPLICABLE_SINGLETON,korean_air: URL 을 확정하지 못했다. 확인 불가를 제외로 바꾸지 않는다(06 §2-3) — 그룹도 미확정으로 둔다.,2026-08-26,exec-agent(C013) / 검색 후보 → 직접 접속 확인
wtg_dd2cec4c1fa2beec,lotte_department_store,svc_dd2cec4c1fa2beec,lotte_department_store,1,RETAIL,NOT_IN_REVIEW_QUEUE,SINGLETON_NOT_A_WEB_TARGET,"{""evidence_layer"": ""A1_SOURCE_LABEL"", ""note"": ""다른 measurement_entity 와 묶을 원문 근거가 없다. 단독 web_target 후보."", ""rule"": ""NO_SHARED_SOURCE_LABEL_SIGNAL"", ""shared_signal"": null, ""signal_kind"": null, ""url_evidence"": null}",UNKNOWN,"member 가 1건인 그룹이다. 그룹 '내부' URL 관계가 성립하지 않으므로 관계를 선언하지 않는다. 다른 그룹과 같은 랜딩으로 귀결될 가능성은 URL 확정 전까지 미확인이며, 그것을 여기서 UNKNOWN 이 아닌 값으로 적으면 URL 없이 결론을 선점하는 것이다.",False,False,,,,,NOT_APPLICABLE_SINGLETON,lotte_department_store: 검토 결과 RETAIL_OFFLINE_ONLY 다. 주 분석이 쓰는 web_target 이 성립하지 않는다 — '아직 안 봤다' 와 구별해 기록한다.,2026-08-26,exec-agent(C013) / 검색 후보 → 직접 접속 확인
wtg_ef06dc942ef3ccc9,lotte_himart,svc_ef06dc942ef3ccc9,lotte_himart,1,RETAIL,NOT_IN_REVIEW_QUEUE,SINGLETON_CONFIRMED,"{""evidence_layer"": ""A1_SOURCE_LABEL"", ""note"": ""다른 measurement_entity 와 묶을 원문 근거가 없다. 단독 web_target 후보."", ""rule"": ""NO_SHARED_SOURCE_LABEL_SIGNAL"", ""shared_signal"": null, ""signal_kind"": null, ""url_evidence"": null}",UNKNOWN,"member 가 1건인 그룹이다. 그룹 '내부' URL 관계가 성립하지 않으므로 관계를 선언하지 않는다. 다른 그룹과 같은 랜딩으로 귀결될 가능성은 URL 확정 전까지 미확인이며, 그것을 여기서 UNKNOWN 이 아닌 값으로 적으면 URL 없이 결론을 선점하는 것이다.",False,False,,,https://www.e-himart.co.kr/,https://www.e-himart.co.kr/ → HTTP 200 · 페이지 제목 '롯데하이마트 온라인쇼핑몰' · 등록도메인(PSL) e-himart.co.kr,NOT_APPLICABLE_SINGLETON,lotte_himart: WEB_SERVICE 랜딩 https://www.e-himart.co.kr/ 이 확정됐다.,2026-08-26,exec-agent(C013) / 검색 후보 → 직접 접속 확인
wtg_888d37f34b5d3aaa,lotte_homeshopping,svc_888d37f34b5d3aaa,lotte_homeshopping,1,RETAIL,NOT_IN_REVIEW_QUEUE,SINGLETON_CONFIRMED,"{""evidence_layer"": ""A1_SOURCE_LABEL"", ""note"": ""다른 measurement_entity 와 묶을 원문 근거가 없다. 단독 web_target 후보."", ""rule"": ""NO_SHARED_SOURCE_LABEL_SIGNAL"", ""shared_signal"": null, ""signal_kind"": null, ""url_evidence"": null}",UNKNOWN,"member 가 1건인 그룹이다. 그룹 '내부' URL 관계가 성립하지 않으므로 관계를 선언하지 않는다. 다른 그룹과 같은 랜딩으로 귀결될 가능성은 URL 확정 전까지 미확인이며, 그것을 여기서 UNKNOWN 이 아닌 값으로 적으면 URL 없이 결론을 선점하는 것이다.",False,False,,,https://www.lotteimall.com/,https://www.lotteimall.com/ → HTTP 200 · 페이지 제목 미획득(봇 차단 또는 비HTML 응답) · 등록도메인(PSL) lotteimall.com,NOT_APPLICABLE_SINGLETON,lotte_homeshopping: WEB_SERVICE 랜딩 https://www.lotteimall.com/ 이 확정됐다.,2026-08-26,exec-agent(C013) / 검색 후보 → 직접 접속 확인
wtg_88cb7f1e54f26500,lotte_mart,svc_88cb7f1e54f26500,lotte_mart,1,RETAIL,NOT_IN_REVIEW_QUEUE,SINGLETON_NOT_A_WEB_TARGET,"{""evidence_layer"": ""A1_SOURCE_LABEL"", ""note"": ""다른 measurement_entity 와 묶을 원문 근거가 없다. 단독 web_target 후보."", ""rule"": ""NO_SHARED_SOURCE_LABEL_SIGNAL"", ""shared_signal"": null, ""signal_kind"": null, ""url_evidence"": null}",UNKNOWN,"member 가 1건인 그룹이다. 그룹 '내부' URL 관계가 성립하지 않으므로 관계를 선언하지 않는다. 다른 그룹과 같은 랜딩으로 귀결될 가능성은 URL 확정 전까지 미확인이며, 그것을 여기서 UNKNOWN 이 아닌 값으로 적으면 URL 없이 결론을 선점하는 것이다.",False,False,,,,,NOT_APPLICABLE_SINGLETON,lotte_mart: 검토 결과 RETAIL_OFFLINE_ONLY 다. 주 분석이 쓰는 web_target 이 성립하지 않는다 — '아직 안 봤다' 와 구별해 기록한다.,2026-08-26,exec-agent(C013) / 검색 후보 → 직접 접속 확인
wtg_e7bb158c1c8d9fe7,market_kurly,svc_e7bb158c1c8d9fe7,market_kurly,1,RETAIL,NOT_IN_REVIEW_QUEUE,SINGLETON_CONFIRMED,"{""evidence_layer"": ""A1_SOURCE_LABEL"", ""note"": ""다른 measurement_entity 와 묶을 원문 근거가 없다. 단독 web_target 후보."", ""rule"": ""NO_SHARED_SOURCE_LABEL_SIGNAL"", ""shared_signal"": null, ""signal_kind"": null, ""url_evidence"": null}",UNKNOWN,"member 가 1건인 그룹이다. 그룹 '내부' URL 관계가 성립하지 않으므로 관계를 선언하지 않는다. 다른 그룹과 같은 랜딩으로 귀결될 가능성은 URL 확정 전까지 미확인이며, 그것을 여기서 UNKNOWN 이 아닌 값으로 적으면 URL 없이 결론을 선점하는 것이다.",False,False,,,https://www.kurly.com/,https://www.kurly.com/ → HTTP 200 · 최종 URL https://www.kurly.com/main · 리다이렉트 1회 · 페이지 제목 '컬리 - 마켓컬리/뷰티컬리' · 등록도메인(PSL) kurly.com,NOT_APPLICABLE_SINGLETON,market_kurly: WEB_SERVICE 랜딩 https://www.kurly.com/ 이 확정됐다.,2026-08-26,exec-agent(C013) / 검색 후보 → 직접 접속 확인
wtg_ea031f85e857140e,mega_coffee,svc_ea031f85e857140e,mega_coffee,1,RETAIL,NOT_IN_REVIEW_QUEUE,SINGLETON_NOT_A_WEB_TARGET,"{""evidence_layer"": ""A1_SOURCE_LABEL"", ""note"": ""다른 measurement_entity 와 묶을 원문 근거가 없다. 단독 web_target 후보."", ""rule"": ""NO_SHARED_SOURCE_LABEL_SIGNAL"", ""shared_signal"": null, ""signal_kind"": null, ""url_evidence"": null}",UNKNOWN,"member 가 1건인 그룹이다. 그룹 '내부' URL 관계가 성립하지 않으므로 관계를 선언하지 않는다. 다른 그룹과 같은 랜딩으로 귀결될 가능성은 URL 확정 전까지 미확인이며, 그것을 여기서 UNKNOWN 이 아닌 값으로 적으면 URL 없이 결론을 선점하는 것이다.",False,False,,,,,NOT_APPLICABLE_SINGLETON,mega_coffee: 검토 결과 RETAIL_OFFLINE_ONLY 다. 주 분석이 쓰는 web_target 이 성립하지 않는다 — '아직 안 봤다' 와 구별해 기록한다.,2026-08-26,exec-agent(C013) / 검색 후보 → 직접 접속 확인
wtg_d5ae5426eac23877,monimo,svc_d5ae5426eac23877,monimo,1,APP,NOT_IN_REVIEW_QUEUE,SINGLETON_NOT_A_WEB_TARGET,"{""evidence_layer"": ""A1_SOURCE_LABEL"", ""note"": ""다른 measurement_entity 와 묶을 원문 근거가 없다. 단독 web_target 후보."", ""rule"": ""NO_SHARED_SOURCE_LABEL_SIGNAL"", ""shared_signal"": null, ""signal_kind"": null, ""url_evidence"": null}",UNKNOWN,"member 가 1건인 그룹이다. 그룹 '내부' URL 관계가 성립하지 않으므로 관계를 선언하지 않는다. 다른 그룹과 같은 랜딩으로 귀결될 가능성은 URL 확정 전까지 미확인이며, 그것을 여기서 UNKNOWN 이 아닌 값으로 적으면 URL 없이 결론을 선점하는 것이다.",False,False,,,,,NOT_APPLICABLE_SINGLETON,monimo: 검토 결과 OFFICIAL_PRODUCT_PAGE 다. 주 분석이 쓰는 web_target 이 성립하지 않는다 — '아직 안 봤다' 와 구별해 기록한다.,2026-08-26,exec-agent(C013) / 검색 후보 → 직접 접속 확인
wtg_ed7b9bea21def8f8,my_files,svc_ed7b9bea21def8f8,my_files,1,APP,NOT_IN_REVIEW_QUEUE,SINGLETON_NOT_A_WEB_TARGET,"{""evidence_layer"": ""A1_SOURCE_LABEL"", ""note"": ""다른 measurement_entity 와 묶을 원문 근거가 없다. 단독 web_target 후보."", ""rule"": ""NO_SHARED_SOURCE_LABEL_SIGNAL"", ""shared_signal"": null, ""signal_kind"": null, ""url_evidence"": null}",UNKNOWN,"member 가 1건인 그룹이다. 그룹 '내부' URL 관계가 성립하지 않으므로 관계를 선언하지 않는다. 다른 그룹과 같은 랜딩으로 귀결될 가능성은 URL 확정 전까지 미확인이며, 그것을 여기서 UNKNOWN 이 아닌 값으로 적으면 URL 없이 결론을 선점하는 것이다.",False,False,,,,,NOT_APPLICABLE_SINGLETON,my_files: 검토 결과 SYSTEM_APP 다. 주 분석이 쓰는 web_target 이 성립하지 않는다 — '아직 안 봤다' 와 구별해 기록한다.,2026-08-26,exec-agent(C013) / 검색 후보 → 직접 접속 확인
wtg_efda6e0b8457d63c,naver_map,svc_efda6e0b8457d63c,naver_map,1,APP,NOT_IN_REVIEW_QUEUE,SINGLETON_CONFIRMED,"{""evidence_layer"": ""A1_SOURCE_LABEL"", ""note"": ""다른 measurement_entity 와 묶을 원문 근거가 없다. 단독 web_target 후보."", ""rule"": ""NO_SHARED_SOURCE_LABEL_SIGNAL"", ""shared_signal"": null, ""signal_kind"": null, ""url_evidence"": null}",UNKNOWN,"member 가 1건인 그룹이다. 그룹 '내부' URL 관계가 성립하지 않으므로 관계를 선언하지 않는다. 다른 그룹과 같은 랜딩으로 귀결될 가능성은 URL 확정 전까지 미확인이며, 그것을 여기서 UNKNOWN 이 아닌 값으로 적으면 URL 없이 결론을 선점하는 것이다.",False,False,,,https://map.naver.com/,https://map.naver.com/ → HTTP 200 · 최종 URL https://map.naver.com/p/ · 리다이렉트 1회 · 페이지 제목 미획득(봇 차단 또는 비HTML 응답) · 등록도메인(PSL) naver.com,NOT_APPLICABLE_SINGLETON,naver_map: WEB_SERVICE 랜딩 https://map.naver.com/ 이 확정됐다.,2026-08-26,exec-agent(C013) / 검색 후보 → 직접 접속 확인
wtg_7594fc1d91ec9188,nc_dept_newcore_outlet,svc_7594fc1d91ec9188,nc_dept_newcore_outlet,1,RETAIL,NOT_IN_REVIEW_QUEUE,SINGLETON_NOT_A_WEB_TARGET,"{""evidence_layer"": ""A1_SOURCE_LABEL"", ""note"": ""다른 measurement_entity 와 묶을 원문 근거가 없다. 단독 web_target 후보."", ""rule"": ""NO_SHARED_SOURCE_LABEL_SIGNAL"", ""shared_signal"": null, ""signal_kind"": null, ""url_evidence"": null}",UNKNOWN,"member 가 1건인 그룹이다. 그룹 '내부' URL 관계가 성립하지 않으므로 관계를 선언하지 않는다. 다른 그룹과 같은 랜딩으로 귀결될 가능성은 URL 확정 전까지 미확인이며, 그것을 여기서 UNKNOWN 이 아닌 값으로 적으면 URL 없이 결론을 선점하는 것이다.",False,False,,,,,NOT_APPLICABLE_SINGLETON,nc_dept_newcore_outlet: 검토 결과 RETAIL_OFFLINE_ONLY 다. 주 분석이 쓰는 web_target 이 성립하지 않는다 — '아직 안 봤다' 와 구별해 기록한다.,2026-08-26,exec-agent(C013) / 검색 후보 → 직접 접속 확인
wtg_13ed070478ef62c3,netflix,svc_13ed070478ef62c3,netflix,1,APP,NOT_IN_REVIEW_QUEUE,SINGLETON_CONFIRMED,"{""evidence_layer"": ""A1_SOURCE_LABEL"", ""note"": ""다른 measurement_entity 와 묶을 원문 근거가 없다. 단독 web_target 후보."", ""rule"": ""NO_SHARED_SOURCE_LABEL_SIGNAL"", ""shared_signal"": null, ""signal_kind"": null, ""url_evidence"": null}",UNKNOWN,"member 가 1건인 그룹이다. 그룹 '내부' URL 관계가 성립하지 않으므로 관계를 선언하지 않는다. 다른 그룹과 같은 랜딩으로 귀결될 가능성은 URL 확정 전까지 미확인이며, 그것을 여기서 UNKNOWN 이 아닌 값으로 적으면 URL 없이 결론을 선점하는 것이다.",False,False,,,https://www.netflix.com/,https://www.netflix.com/ → HTTP 200 · 최종 URL https://www.netflix.com/kr/ · 리다이렉트 1회 · 페이지 제목 '넷플릭스 대한민국 - 인터넷으로 시리즈와 영화를 시청하세요' · 등록도메인(PSL) netflix.com,NOT_APPLICABLE_SINGLETON,netflix: WEB_SERVICE 랜딩 https://www.netflix.com/ 이 확정됐다.,2026-08-26,exec-agent(C013) / 검색 후보 → 직접 접속 확인
wtg_fb3d1841dddfd982,nh_cok_bank,svc_fb3d1841dddfd982,nh_cok_bank,1,APP,NOT_IN_REVIEW_QUEUE,SINGLETON_PENDING_URL_REVIEW,"{""evidence_layer"": ""A1_SOURCE_LABEL"", ""note"": ""다른 measurement_entity 와 묶을 원문 근거가 없다. 단독 web_target 후보."", ""rule"": ""NO_SHARED_SOURCE_LABEL_SIGNAL"", ""shared_signal"": null, ""signal_kind"": null, ""url_evidence"": null}",UNKNOWN,"member 가 1건인 그룹이다. 그룹 '내부' URL 관계가 성립하지 않으므로 관계를 선언하지 않는다. 다른 그룹과 같은 랜딩으로 귀결될 가능성은 URL 확정 전까지 미확인이며, 그것을 여기서 UNKNOWN 이 아닌 값으로 적으면 URL 없이 결론을 선점하는 것이다.",False,False,,,,,NOT_APPLICABLE_SINGLETON,nh_cok_bank: URL 을 확정하지 못했다. 확인 불가를 제외로 바꾸지 않는다(06 §2-3) — 그룹도 미확정으로 둔다.,2026-08-26,exec-agent(C013) / 검색 후보 → 직접 접속 확인
wtg_95967b50683649f2,nh_smart_banking,svc_95967b50683649f2,nh_smart_banking,1,APP,NOT_IN_REVIEW_QUEUE,SINGLETON_CONFIRMED,"{""evidence_layer"": ""A1_SOURCE_LABEL"", ""note"": ""다른 measurement_entity 와 묶을 원문 근거가 없다. 단독 web_target 후보."", ""rule"": ""NO_SHARED_SOURCE_LABEL_SIGNAL"", ""shared_signal"": null, ""signal_kind"": null, ""url_evidence"": null}",UNKNOWN,"member 가 1건인 그룹이다. 그룹 '내부' URL 관계가 성립하지 않으므로 관계를 선언하지 않는다. 다른 그룹과 같은 랜딩으로 귀결될 가능성은 URL 확정 전까지 미확인이며, 그것을 여기서 UNKNOWN 이 아닌 값으로 적으면 URL 없이 결론을 선점하는 것이다.",False,False,,,https://banking.nonghyup.com/nhbank.html,https://banking.nonghyup.com/nhbank.html → HTTP 200 · 페이지 제목 'NH Bank - 농협인터넷뱅킹' · 등록도메인(PSL) nonghyup.com,NOT_APPLICABLE_SINGLETON,nh_smart_banking: WEB_SERVICE 랜딩 https://banking.nonghyup.com/nhbank.html 이 확정됐다.,2026-08-26,exec-agent(C013) / 검색 후보 → 직접 접속 확인
wtg_517b8047eb5be716,nonghyup_hanaro_mart,svc_517b8047eb5be716,nonghyup_hanaro_mart,1,RETAIL,NOT_IN_REVIEW_QUEUE,SINGLETON_NOT_A_WEB_TARGET,"{""evidence_layer"": ""A1_SOURCE_LABEL"", ""note"": ""다른 measurement_entity 와 묶을 원문 근거가 없다. 단독 web_target 후보."", ""rule"": ""NO_SHARED_SOURCE_LABEL_SIGNAL"", ""shared_signal"": null, ""signal_kind"": null, ""url_evidence"": null}",UNKNOWN,"member 가 1건인 그룹이다. 그룹 '내부' URL 관계가 성립하지 않으므로 관계를 선언하지 않는다. 다른 그룹과 같은 랜딩으로 귀결될 가능성은 URL 확정 전까지 미확인이며, 그것을 여기서 UNKNOWN 이 아닌 값으로 적으면 URL 없이 결론을 선점하는 것이다.",False,False,,,,,NOT_APPLICABLE_SINGLETON,nonghyup_hanaro_mart: 검토 결과 RETAIL_OFFLINE_ONLY 다. 주 분석이 쓰는 web_target 이 성립하지 않는다 — '아직 안 봤다' 와 구별해 기록한다.,2026-08-26,exec-agent(C013) / 검색 후보 → 직접 접속 확인
wtg_95e22b9aff7196b3,ns_homeshopping,svc_95e22b9aff7196b3,ns_homeshopping,1,RETAIL,NOT_IN_REVIEW_QUEUE,SINGLETON_CONFIRMED,"{""evidence_layer"": ""A1_SOURCE_LABEL"", ""note"": ""다른 measurement_entity 와 묶을 원문 근거가 없다. 단독 web_target 후보."", ""rule"": ""NO_SHARED_SOURCE_LABEL_SIGNAL"", ""shared_signal"": null, ""signal_kind"": null, ""url_evidence"": null}",UNKNOWN,"member 가 1건인 그룹이다. 그룹 '내부' URL 관계가 성립하지 않으므로 관계를 선언하지 않는다. 다른 그룹과 같은 랜딩으로 귀결될 가능성은 URL 확정 전까지 미확인이며, 그것을 여기서 UNKNOWN 이 아닌 값으로 적으면 URL 없이 결론을 선점하는 것이다.",False,False,,,https://www.nsmall.com/,https://www.nsmall.com/ → HTTP 200 · 페이지 제목 'NS홈쇼핑 - 건강한 아이디어' · 등록도메인(PSL) nsmall.com,NOT_APPLICABLE_SINGLETON,ns_homeshopping: WEB_SERVICE 랜딩 https://www.nsmall.com/ 이 확정됐다.,2026-08-26,exec-agent(C013) / 검색 후보 → 직접 접속 확인
wtg_8d71ef6dc3fca6b0,paris_baguette_pariscroissant,svc_8d71ef6dc3fca6b0,paris_baguette_pariscroissant,1,RETAIL,NOT_IN_REVIEW_QUEUE,SINGLETON_NOT_A_WEB_TARGET,"{""evidence_layer"": ""A1_SOURCE_LABEL"", ""note"": ""다른 measurement_entity 와 묶을 원문 근거가 없다. 단독 web_target 후보."", ""rule"": ""NO_SHARED_SOURCE_LABEL_SIGNAL"", ""shared_signal"": null, ""signal_kind"": null, ""url_evidence"": null}",UNKNOWN,"member 가 1건인 그룹이다. 그룹 '내부' URL 관계가 성립하지 않으므로 관계를 선언하지 않는다. 다른 그룹과 같은 랜딩으로 귀결될 가능성은 URL 확정 전까지 미확인이며, 그것을 여기서 UNKNOWN 이 아닌 값으로 적으면 URL 없이 결론을 선점하는 것이다.",False,False,,,,,NOT_APPLICABLE_SINGLETON,paris_baguette_pariscroissant: 검토 결과 RETAIL_OFFLINE_ONLY 다. 주 분석이 쓰는 web_target 이 성립하지 않는다 — '아직 안 봤다' 와 구별해 기록한다.,2026-08-26,exec-agent(C013) / 검색 후보 → 직접 접속 확인
wtg_ad44f9ade6b9b551,samsung_calculator,svc_ad44f9ade6b9b551,samsung_calculator,1,APP,NOT_IN_REVIEW_QUEUE,SINGLETON_NOT_A_WEB_TARGET,"{""evidence_layer"": ""A1_SOURCE_LABEL"", ""note"": ""다른 measurement_entity 와 묶을 원문 근거가 없다. 단독 web_target 후보."", ""rule"": ""NO_SHARED_SOURCE_LABEL_SIGNAL"", ""shared_signal"": null, ""signal_kind"": null, ""url_evidence"": null}",UNKNOWN,"member 가 1건인 그룹이다. 그룹 '내부' URL 관계가 성립하지 않으므로 관계를 선언하지 않는다. 다른 그룹과 같은 랜딩으로 귀결될 가능성은 URL 확정 전까지 미확인이며, 그것을 여기서 UNKNOWN 이 아닌 값으로 적으면 URL 없이 결론을 선점하는 것이다.",False,False,,,,,NOT_APPLICABLE_SINGLETON,samsung_calculator: 검토 결과 SYSTEM_APP 다. 주 분석이 쓰는 web_target 이 성립하지 않는다 — '아직 안 봤다' 와 구별해 기록한다.,2026-08-26,exec-agent(C013) / 검색 후보 → 직접 접속 확인
wtg_088809bf9b31bc6a,samsung_card,svc_088809bf9b31bc6a,samsung_card,1,APP,NOT_IN_REVIEW_QUEUE,SINGLETON_CONFIRMED,"{""evidence_layer"": ""A1_SOURCE_LABEL"", ""note"": ""다른 measurement_entity 와 묶을 원문 근거가 없다. 단독 web_target 후보."", ""rule"": ""NO_SHARED_SOURCE_LABEL_SIGNAL"", ""shared_signal"": null, ""signal_kind"": null, ""url_evidence"": null}",UNKNOWN,"member 가 1건인 그룹이다. 그룹 '내부' URL 관계가 성립하지 않으므로 관계를 선언하지 않는다. 다른 그룹과 같은 랜딩으로 귀결될 가능성은 URL 확정 전까지 미확인이며, 그것을 여기서 UNKNOWN 이 아닌 값으로 적으면 URL 없이 결론을 선점하는 것이다.",False,False,,,https://www.samsungcard.com/,https://www.samsungcard.com/ → HTTP 200 · 페이지 제목 '삼성카드' · 등록도메인(PSL) samsungcard.com,NOT_APPLICABLE_SINGLETON,samsung_card: WEB_SERVICE 랜딩 https://www.samsungcard.com/ 이 확정됐다.,2026-08-26,exec-agent(C013) / 검색 후보 → 직접 접속 확인
wtg_ff3ee504792f6cfc,samsung_internet_browser,svc_ff3ee504792f6cfc,samsung_internet_browser,1,APP,NOT_IN_REVIEW_QUEUE,SINGLETON_NOT_A_WEB_TARGET,"{""evidence_layer"": ""A1_SOURCE_LABEL"", ""note"": ""다른 measurement_entity 와 묶을 원문 근거가 없다. 단독 web_target 후보."", ""rule"": ""NO_SHARED_SOURCE_LABEL_SIGNAL"", ""shared_signal"": null, ""signal_kind"": null, ""url_evidence"": null}",UNKNOWN,"member 가 1건인 그룹이다. 그룹 '내부' URL 관계가 성립하지 않으므로 관계를 선언하지 않는다. 다른 그룹과 같은 랜딩으로 귀결될 가능성은 URL 확정 전까지 미확인이며, 그것을 여기서 UNKNOWN 이 아닌 값으로 적으면 URL 없이 결론을 선점하는 것이다.",False,False,,,,,NOT_APPLICABLE_SINGLETON,samsung_internet_browser: 검토 결과 OFFICIAL_PRODUCT_PAGE 다. 주 분석이 쓰는 web_target 이 성립하지 않는다 — '아직 안 봤다' 와 구별해 기록한다.,2026-08-26,exec-agent(C013) / 검색 후보 → 직접 접속 확인
wtg_2cd43b99c1ed87cf,samsung_notes,svc_2cd43b99c1ed87cf,samsung_notes,1,APP,NOT_IN_REVIEW_QUEUE,SINGLETON_NOT_A_WEB_TARGET,"{""evidence_layer"": ""A1_SOURCE_LABEL"", ""note"": ""다른 measurement_entity 와 묶을 원문 근거가 없다. 단독 web_target 후보."", ""rule"": ""NO_SHARED_SOURCE_LABEL_SIGNAL"", ""shared_signal"": null, ""signal_kind"": null, ""url_evidence"": null}",UNKNOWN,"member 가 1건인 그룹이다. 그룹 '내부' URL 관계가 성립하지 않으므로 관계를 선언하지 않는다. 다른 그룹과 같은 랜딩으로 귀결될 가능성은 URL 확정 전까지 미확인이며, 그것을 여기서 UNKNOWN 이 아닌 값으로 적으면 URL 없이 결론을 선점하는 것이다.",False,False,,,,,NOT_APPLICABLE_SINGLETON,samsung_notes: 검토 결과 OFFICIAL_PRODUCT_PAGE 다. 주 분석이 쓰는 web_target 이 성립하지 않는다 — '아직 안 봤다' 와 구별해 기록한다.,2026-08-26,exec-agent(C013) / 검색 후보 → 직접 접속 확인
wtg_dd5061eb74e2d4d4,samsung_wallet,svc_dd5061eb74e2d4d4,samsung_wallet,1,APP,NOT_IN_REVIEW_QUEUE,SINGLETON_NOT_A_WEB_TARGET,"{""evidence_layer"": ""A1_SOURCE_LABEL"", ""note"": ""다른 measurement_entity 와 묶을 원문 근거가 없다. 단독 web_target 후보."", ""rule"": ""NO_SHARED_SOURCE_LABEL_SIGNAL"", ""shared_signal"": null, ""signal_kind"": null, ""url_evidence"": null}",UNKNOWN,"member 가 1건인 그룹이다. 그룹 '내부' URL 관계가 성립하지 않으므로 관계를 선언하지 않는다. 다른 그룹과 같은 랜딩으로 귀결될 가능성은 URL 확정 전까지 미확인이며, 그것을 여기서 UNKNOWN 이 아닌 값으로 적으면 URL 없이 결론을 선점하는 것이다.",False,False,,,,,NOT_APPLICABLE_SINGLETON,samsung_wallet: 검토 결과 OFFICIAL_PRODUCT_PAGE 다. 주 분석이 쓰는 web_target 이 성립하지 않는다 — '아직 안 봤다' 와 구별해 기록한다.,2026-08-26,exec-agent(C013) / 검색 후보 → 직접 접속 확인
wtg_8195b68ac17e42a3,seven_eleven,svc_8195b68ac17e42a3,seven_eleven,1,RETAIL,NOT_IN_REVIEW_QUEUE,SINGLETON_NOT_A_WEB_TARGET,"{""evidence_layer"": ""A1_SOURCE_LABEL"", ""note"": ""다른 measurement_entity 와 묶을 원문 근거가 없다. 단독 web_target 후보."", ""rule"": ""NO_SHARED_SOURCE_LABEL_SIGNAL"", ""shared_signal"": null, ""signal_kind"": null, ""url_evidence"": null}",UNKNOWN,"member 가 1건인 그룹이다. 그룹 '내부' URL 관계가 성립하지 않으므로 관계를 선언하지 않는다. 다른 그룹과 같은 랜딩으로 귀결될 가능성은 URL 확정 전까지 미확인이며, 그것을 여기서 UNKNOWN 이 아닌 값으로 적으면 URL 없이 결론을 선점하는 것이다.",False,False,,,,,NOT_APPLICABLE_SINGLETON,seven_eleven: 검토 결과 RETAIL_OFFLINE_ONLY 다. 주 분석이 쓰는 web_target 이 성립하지 않는다 — '아직 안 봤다' 와 구별해 기록한다.,2026-08-26,exec-agent(C013) / 검색 후보 → 직접 접속 확인
wtg_64d30ef262d8782d,shinhan_sol_bank,svc_64d30ef262d8782d,shinhan_sol_bank,1,APP,NOT_IN_REVIEW_QUEUE,SINGLETON_CONFIRMED,"{""evidence_layer"": ""A1_SOURCE_LABEL"", ""note"": ""다른 measurement_entity 와 묶을 원문 근거가 없다. 단독 web_target 후보."", ""rule"": ""NO_SHARED_SOURCE_LABEL_SIGNAL"", ""shared_signal"": null, ""signal_kind"": null, ""url_evidence"": null}",UNKNOWN,"member 가 1건인 그룹이다. 그룹 '내부' URL 관계가 성립하지 않으므로 관계를 선언하지 않는다. 다른 그룹과 같은 랜딩으로 귀결될 가능성은 URL 확정 전까지 미확인이며, 그것을 여기서 UNKNOWN 이 아닌 값으로 적으면 URL 없이 결론을 선점하는 것이다.",False,False,,,https://bank.shinhan.com/,https://bank.shinhan.com/ → HTTP 200 · 페이지 제목 'Shinhan Bank' · 등록도메인(PSL) shinhan.com,NOT_APPLICABLE_SINGLETON,shinhan_sol_bank: WEB_SERVICE 랜딩 https://bank.shinhan.com/ 이 확정됐다.,2026-08-26,exec-agent(C013) / 검색 후보 → 직접 접속 확인
wtg_fdce1294fac3dfdb,shinsegae_department_store,svc_fdce1294fac3dfdb,shinsegae_department_store,1,RETAIL,NOT_IN_REVIEW_QUEUE,SINGLETON_NOT_A_WEB_TARGET,"{""evidence_layer"": ""A1_SOURCE_LABEL"", ""note"": ""다른 measurement_entity 와 묶을 원문 근거가 없다. 단독 web_target 후보."", ""rule"": ""NO_SHARED_SOURCE_LABEL_SIGNAL"", ""shared_signal"": null, ""signal_kind"": null, ""url_evidence"": null}",UNKNOWN,"member 가 1건인 그룹이다. 그룹 '내부' URL 관계가 성립하지 않으므로 관계를 선언하지 않는다. 다른 그룹과 같은 랜딩으로 귀결될 가능성은 URL 확정 전까지 미확인이며, 그것을 여기서 UNKNOWN 이 아닌 값으로 적으면 URL 없이 결론을 선점하는 것이다.",False,False,,,,,NOT_APPLICABLE_SINGLETON,shinsegae_department_store: 검토 결과 RETAIL_OFFLINE_ONLY 다. 주 분석이 쓰는 web_target 이 성립하지 않는다 — '아직 안 봤다' 와 구별해 기록한다.,2026-08-26,exec-agent(C013) / 검색 후보 → 직접 접속 확인
wtg_5beeafeac2e27eae,tiktok,svc_5beeafeac2e27eae,tiktok,1,APP,NOT_IN_REVIEW_QUEUE,SINGLETON_CONFIRMED,"{""evidence_layer"": ""A1_SOURCE_LABEL"", ""note"": ""다른 measurement_entity 와 묶을 원문 근거가 없다. 단독 web_target 후보."", ""rule"": ""NO_SHARED_SOURCE_LABEL_SIGNAL"", ""shared_signal"": null, ""signal_kind"": null, ""url_evidence"": null}",UNKNOWN,"member 가 1건인 그룹이다. 그룹 '내부' URL 관계가 성립하지 않으므로 관계를 선언하지 않는다. 다른 그룹과 같은 랜딩으로 귀결될 가능성은 URL 확정 전까지 미확인이며, 그것을 여기서 UNKNOWN 이 아닌 값으로 적으면 URL 없이 결론을 선점하는 것이다.",False,False,,,https://www.tiktok.com/,https://www.tiktok.com/ → HTTP 200 · 페이지 제목 미획득(봇 차단 또는 비HTML 응답) · 등록도메인(PSL) tiktok.com,NOT_APPLICABLE_SINGLETON,tiktok: WEB_SERVICE 랜딩 https://www.tiktok.com/ 이 확정됐다.,2026-08-26,exec-agent(C013) / 검색 후보 → 직접 접속 확인
wtg_ddb7aefefe0273b4,tiktok_lite,svc_ddb7aefefe0273b4,tiktok_lite,1,APP,NOT_IN_REVIEW_QUEUE,SINGLETON_NOT_A_WEB_TARGET,"{""evidence_layer"": ""A1_SOURCE_LABEL"", ""note"": ""다른 measurement_entity 와 묶을 원문 근거가 없다. 단독 web_target 후보."", ""rule"": ""NO_SHARED_SOURCE_LABEL_SIGNAL"", ""shared_signal"": null, ""signal_kind"": null, ""url_evidence"": null}",UNKNOWN,"member 가 1건인 그룹이다. 그룹 '내부' URL 관계가 성립하지 않으므로 관계를 선언하지 않는다. 다른 그룹과 같은 랜딩으로 귀결될 가능성은 URL 확정 전까지 미확인이며, 그것을 여기서 UNKNOWN 이 아닌 값으로 적으면 URL 없이 결론을 선점하는 것이다.",False,False,,,,,NOT_APPLICABLE_SINGLETON,tiktok_lite: 검토 결과 APP_ONLY 다. 주 분석이 쓰는 web_target 이 성립하지 않는다 — '아직 안 봤다' 와 구별해 기록한다.,2026-08-26,exec-agent(C013) / 검색 후보 → 직접 접속 확인
wtg_60d4d22e3809f780,tmap,svc_60d4d22e3809f780,tmap,1,APP,NOT_IN_REVIEW_QUEUE,SINGLETON_NOT_A_WEB_TARGET,"{""evidence_layer"": ""A1_SOURCE_LABEL"", ""note"": ""다른 measurement_entity 와 묶을 원문 근거가 없다. 단독 web_target 후보."", ""rule"": ""NO_SHARED_SOURCE_LABEL_SIGNAL"", ""shared_signal"": null, ""signal_kind"": null, ""url_evidence"": null}",UNKNOWN,"member 가 1건인 그룹이다. 그룹 '내부' URL 관계가 성립하지 않으므로 관계를 선언하지 않는다. 다른 그룹과 같은 랜딩으로 귀결될 가능성은 URL 확정 전까지 미확인이며, 그것을 여기서 UNKNOWN 이 아닌 값으로 적으면 URL 없이 결론을 선점하는 것이다.",False,False,,,,,NOT_APPLICABLE_SINGLETON,tmap: 검토 결과 OFFICIAL_PRODUCT_PAGE 다. 주 분석이 쓰는 web_target 이 성립하지 않는다 — '아직 안 봤다' 와 구별해 기록한다.,2026-08-26,exec-agent(C013) / 검색 후보 → 직접 접속 확인
wtg_0f3bdb2bd0bb891e,top_mart,svc_0f3bdb2bd0bb891e,top_mart,1,RETAIL,NOT_IN_REVIEW_QUEUE,SINGLETON_NOT_A_WEB_TARGET,"{""evidence_layer"": ""A1_SOURCE_LABEL"", ""note"": ""다른 measurement_entity 와 묶을 원문 근거가 없다. 단독 web_target 후보."", ""rule"": ""NO_SHARED_SOURCE_LABEL_SIGNAL"", ""shared_signal"": null, ""signal_kind"": null, ""url_evidence"": null}",UNKNOWN,"member 가 1건인 그룹이다. 그룹 '내부' URL 관계가 성립하지 않으므로 관계를 선언하지 않는다. 다른 그룹과 같은 랜딩으로 귀결될 가능성은 URL 확정 전까지 미확인이며, 그것을 여기서 UNKNOWN 이 아닌 값으로 적으면 URL 없이 결론을 선점하는 것이다.",False,False,,,,,NOT_APPLICABLE_SINGLETON,top_mart: 검토 결과 RETAIL_OFFLINE_ONLY 다. 주 분석이 쓰는 web_target 이 성립하지 않는다 — '아직 안 봤다' 와 구별해 기록한다.,2026-08-26,exec-agent(C013) / 검색 후보 → 직접 접속 확인
wtg_35319a420294ee17,toss,svc_35319a420294ee17,toss,1,APP,NOT_IN_REVIEW_QUEUE,SINGLETON_NOT_A_WEB_TARGET,"{""evidence_layer"": ""A1_SOURCE_LABEL"", ""note"": ""다른 measurement_entity 와 묶을 원문 근거가 없다. 단독 web_target 후보."", ""rule"": ""NO_SHARED_SOURCE_LABEL_SIGNAL"", ""shared_signal"": null, ""signal_kind"": null, ""url_evidence"": null}",UNKNOWN,"member 가 1건인 그룹이다. 그룹 '내부' URL 관계가 성립하지 않으므로 관계를 선언하지 않는다. 다른 그룹과 같은 랜딩으로 귀결될 가능성은 URL 확정 전까지 미확인이며, 그것을 여기서 UNKNOWN 이 아닌 값으로 적으면 URL 없이 결론을 선점하는 것이다.",False,False,,,,,NOT_APPLICABLE_SINGLETON,toss: 검토 결과 OFFICIAL_PRODUCT_PAGE 다. 주 분석이 쓰는 web_target 이 성립하지 않는다 — '아직 안 봤다' 와 구별해 기록한다.,2026-08-26,exec-agent(C013) / 검색 후보 → 직접 접속 확인
wtg_190b4501e4415d5e,v3_mobile_plus,svc_190b4501e4415d5e,v3_mobile_plus,1,APP,NOT_IN_REVIEW_QUEUE,SINGLETON_NOT_A_WEB_TARGET,"{""evidence_layer"": ""A1_SOURCE_LABEL"", ""note"": ""다른 measurement_entity 와 묶을 원문 근거가 없다. 단독 web_target 후보."", ""rule"": ""NO_SHARED_SOURCE_LABEL_SIGNAL"", ""shared_signal"": null, ""signal_kind"": null, ""url_evidence"": null}",UNKNOWN,"member 가 1건인 그룹이다. 그룹 '내부' URL 관계가 성립하지 않으므로 관계를 선언하지 않는다. 다른 그룹과 같은 랜딩으로 귀결될 가능성은 URL 확정 전까지 미확인이며, 그것을 여기서 UNKNOWN 이 아닌 값으로 적으면 URL 없이 결론을 선점하는 것이다.",False,False,,,,,NOT_APPLICABLE_SINGLETON,v3_mobile_plus: 검토 결과 OFFICIAL_PRODUCT_PAGE 다. 주 분석이 쓰는 web_target 이 성립하지 않는다 — '아직 안 봤다' 와 구별해 기록한다.,2026-08-26,exec-agent(C013) / 검색 후보 → 직접 접속 확인
wtg_24e6654bfd1ab85b,youtube,svc_24e6654bfd1ab85b,youtube,1,APP,NOT_IN_REVIEW_QUEUE,SINGLETON_CONFIRMED,"{""evidence_layer"": ""A1_SOURCE_LABEL"", ""note"": ""다른 measurement_entity 와 묶을 원문 근거가 없다. 단독 web_target 후보."", ""rule"": ""NO_SHARED_SOURCE_LABEL_SIGNAL"", ""shared_signal"": null, ""signal_kind"": null, ""url_evidence"": null}",UNKNOWN,"member 가 1건인 그룹이다. 그룹 '내부' URL 관계가 성립하지 않으므로 관계를 선언하지 않는다. 다른 그룹과 같은 랜딩으로 귀결될 가능성은 URL 확정 전까지 미확인이며, 그것을 여기서 UNKNOWN 이 아닌 값으로 적으면 URL 없이 결론을 선점하는 것이다.",False,False,,,https://www.youtube.com/,https://www.youtube.com/ → HTTP 200 · 페이지 제목 'YouTube' · 등록도메인(PSL) youtube.com,NOT_APPLICABLE_SINGLETON,youtube: WEB_SERVICE 랜딩 https://www.youtube.com/ 이 확정됐다.,2026-08-26,exec-agent(C013) / 검색 후보 → 직접 접속 확인
